frame_index,motion_source,tracking_points,rgbd_points,x,y,theta,processing_time_ms
0,bootstrap,0,0,0.0,0.0,0.0,2.913584
1,rgb,10,0,0.0,0.0,-0.042140040546655655,1.837834
2,rgb,6,0,0.0,0.0,-0.07336950860917568,0.253167
3,rgb,9,0,0.0,0.0,-0.07234377681743354,0.362584
4,rgb,11,0,0.044900974667015134,-0.002983701384533111,-0.06635315378662199,0.458542
5,rgb,11,0,0.08980194933403027,-0.005967402769066222,-0.06635315378662199,0.335666
6,rgb,11,0,0.13472091351647622,-0.008666783582537679,-0.060022273915819824,0.19425
7,rgb,10,0,0.17964084908783562,-0.01134995116301417,-0.05966133376932703,0.266125
8,rgb,10,0,0.224574053189106,-0.013800903874426349,-0.05449258055887185,0.23825
9,rgb,10,0,0.269445818746797,-0.017195702209469914,-0.07551170405349694,0.281834
10,rgb,10,0,0.3141249978012824,-0.022559558939215532,-0.11948089193901978,0.210375
11,rgb,9,0,0.3141249978012824,-0.022559558939215532,-0.1700993728300091,0.214958
12,rgb,9,0,0.3141249978012824,-0.022559558939215532,-0.19033609781763516,0.435791
13,rgb,10,0,0.3141249978012824,-0.022559558939215532,-0.23751610223553143,0.398208
14,rgb,10,0,0.3141249978012824,-0.022559558939215532,-0.2795129798760172,0.213625
15,rgb,10,0,0.35737325618957994,-0.034992907095647535,-0.2799385859107133,0.173708
16,rgb,9,0,0.4006369893030441,-0.04737230114733454,-0.2786912652372848,0.185667
17,rgb,10,0,0.4440295075460879,-0.05929242532987179,-0.2680915551900398,0.416583
18,rgb,10,0,0.4874893088400103,-0.07096485744544989,-0.26238781816209666,0.172292
19,rgb,10,0,0.5309645474967344,-0.08257965936975685,-0.26106199642526917,0.232667
20,rgb,10,0,0.5743881125664809,-0.0943861828476265,-0.26547451384249143,0.288875
21,rgb,10,0,0.6167120162696491,-0.10967301297440366,-0.34660571135464124,0.237209
22,rgb,10,0,0.6577233254295548,-0.12819522993109206,-0.42421426690998487,0.225625
23,rgb,9,0,0.6977014037961934,-0.14885323685603286,-0.4769445105630439,0.203791
24,rgb,8,0,0.6977014037961934,-0.14885323685603286,-0.5292782976466697,0.41225
25,rgb,8,0,0.6977014037961934,-0.14885323685603286,-0.5273805511824321,0.511166
26,rgb,9,0,0.6977014037961934,-0.14885323685603286,-0.5114951180003118,0.4475
27,rgb,5,0,0.738299779480504,-0.16826384972105035,-0.4459852324507665,0.33075
28,rgb,9,0,0.779826822547642,-0.1855989209380965,-0.3954503321729135,0.416958
29,rgb,9,0,0.8214950732204795,-0.20259176901796738,-0.38722339548985474,0.284542
30,rgb,8,0,0.8633590843318198,-0.2190964524038909,-0.3755354769236874,0.32325
31,rgb,7,0,0.9047041102380138,-0.23686127249349928,-0.4058216195262503,0.35825
32,rgb,8,0,0.9447709820582457,-0.2573465301814343,-0.4726282115734648,0.308542
33,rgb,9,0,0.9447709820582457,-0.2573465301814343,-0.5417008679069113,0.388834
34,rgb,8,0,0.9820911775208272,-0.2824901777019257,-0.5928750578023028,0.327833
35,rgb,8,0,1.0193732263329867,-0.30769035302607295,-0.5943905026360881,0.395458
36,rgb,9,0,1.0569221379303935,-0.3324911440991442,-0.5837162988900673,0.347
37,rgb,11,0,1.0946397335269005,-0.35703463575005573,-0.5768793024762999,0.381667
38,rgb,11,0,1.13302023729849,-0.38052797374700686,-0.5492810574069154,0.191042
39,rgb,11,0,1.1719207844434418,-0.4031498090355813,-0.5267279022082221,0.234833
40,rgb,9,0,1.1719207844434418,-0.4031498090355813,-0.5001479298516642,0.260416
41,rgb,6,0,1.1719207844434418,-0.4031498090355813,-0.549605375592364,0.301875
42,rgb,8,0,1.1719207844434418,-0.4031498090355813,-0.6311463028832804,0.358125
43,rgb,9,0,1.1719207844434418,-0.4031498090355813,-0.6844032839580905,0.467
44,rgb,6,0,1.2058977478276718,-0.43265516379004393,-0.715075666521443,0.369375
45,rgb,11,0,1.2397747066791267,-0.4622752863248485,-0.7184584531642031,0.329292
46,rgb,11,0,1.2735245514449152,-0.49204016459245065,-0.7227394631772768,0.201959
47,rgb,11,0,1.3062635845605193,-0.5229133845517516,-0.7560755363374483,0.226792
48,rgb,10,0,1.3368476814447607,-0.5559226713931139,-0.8235155767470133,0.207959
49,rgb,8,0,1.365987218055212,-0.5902138861007934,-0.8664376488595735,0.246209
50,rgb,9,0,1.3925119451925987,-0.6265654864821684,-0.940432896342827,0.366917
51,rgb,8,0,1.415552754226371,-0.6652193494077445,-1.0332638895779382,0.473875
52,rgb,10,0,1.4320290948154586,-0.707094523446695,-1.195937780168606,0.481833
53,rgb,10,0,1.4320290948154586,-0.707094523446695,-1.198512747156201,0.354458
54,rgb,10,0,1.4320290948154586,-0.707094523446695,-1.1960583321924787,0.196542
55,rgb,9,0,1.4483046505002968,-0.7490481441146389,-1.2007281274709385,0.221875
56,rgb,9,0,1.459688554650435,-0.7925844132049097,-1.3150416107091587,0.382083
57,rgb,11,0,1.4686369216740056,-0.836685736627359,-1.3706093260261696,0.401542
58,rgb,9,0,1.4740625350852155,-0.8813574583214252,-1.4499330946418922,0.315375
59,rgb,10,0,1.4740625350852155,-0.8813574583214252,-1.4388541995722335,0.392
60,rgb,9,0,1.4802506476780224,-0.9259299527831304,-1.4328455866489094,0.23175
61,rgb,13,0,1.4862739417685282,-0.9705250189709866,-1.4365424089774024,0.422583
62,rgb,11,0,1.4864106489990507,-1.015524811316431,-1.5677583836659323,0.326584
63,rgb,10,0,1.4863635701456375,-1.0605247866895526,-1.5718425237282645,0.265083
64,rgb,9,0,1.4863635701456375,-1.0605247866895526,-1.6461848043545615,0.203417
65,rgb,13,0,1.4863635701456375,-1.0605247866895526,-1.7241404452070128,0.443917
66,rgb,12,0,1.4863635701456375,-1.0605247866895526,-1.7289740144915413,0.208
67,rgb,12,0,1.4863635701456375,-1.0605247866895526,-1.7328961291059386,0.297542
68,rgb,12,0,1.4786896610516767,-1.1048656382738156,-1.7421651822223794,0.225667
69,rgb,12,0,1.470788188563053,-1.149166504320785,-1.7472996245778631,0.25975
70,rgb,12,0,1.4631516424124966,-1.193513805962378,-1.7413226132921409,0.202833
71,rgb,12,0,1.4554876226888367,-1.2378563679280037,-1.7419421558442991,0.196417
72,rgb,12,0,1.4482480308440921,-1.2822701980929592,-1.7323783456522506,0.249875
73,rgb,11,0,1.441315969535264,-1.3267330649147313,-1.7254579870204907,0.266542
74,rgb,11,0,1.434867337698921,-1.3712686141696726,-1.7145943168725353,0.179667
75,rgb,10,0,1.428652860977839,-1.415837440484521,-1.7093385799962562,0.188
76,rgb,10,0,1.4229316726838281,-1.4604722699846375,-1.6982788673776668,0.215666
77,rgb,5,0,1.4176998021807765,-1.5051670966543909,-1.6873236500832718,0.231042
78,rgb,8,0,1.4130547516901255,-1.5499267157986518,-1.6742038640368264,0.372625
79,rgb,8,0,1.4130547516901255,-1.5499267157986518,-1.7021458081144374,0.375125
80,rgb,8,0,1.4130547516901255,-1.5499267157986518,-1.794253446831135,0.361625
81,rgb,12,0,1.4130547516901255,-1.5499267157986518,-1.822269967495231,0.393416
82,rgb,10,0,1.4130547516901255,-1.5499267157986518,-1.8859787496912759,0.226125
83,rgb,10,0,1.4130547516901255,-1.5499267157986518,-1.91611238263431,0.251167
84,rgb,10,0,1.3966690299610602,-1.5918374318915276,-1.9434917687613051,0.225792
85,rgb,10,0,1.3797441293100612,-1.6335333278281041,-1.956389587110607,0.209333
86,rgb,10,0,1.3605079621086855,-1.6742146487432454,-2.0124890876177233,0.227792
87,rgb,10,0,1.3395728857284357,-1.7140483352027374,-2.0546838824811857,0.215125
88,rgb,8,0,1.3161460743204483,-1.7524694818183004,-2.1183449586096685,0.195292
89,rgb,11,0,1.2901974723271246,-1.7892345475001685,-2.18540101844701,0.435541
90,rgb,10,0,1.2640893591504367,-1.8258865109721745,-2.1897463572386187,0.266959
91,rgb,9,0,1.2384671301936052,-1.8628797722947952,-2.1765512812125962,0.231416
92,rgb,9,0,1.2384671301936052,-1.8628797722947952,-2.166018025687663,0.4385
93,rgb,11,0,1.2384671301936052,-1.8628797722947952,-2.157935990690021,0.427083
94,rgb,10,0,1.213939110851148,-1.9006074314739179,-2.14726546939346,0.211459
95,rgb,10,0,1.1895977988600588,-1.938455820218387,-2.1423245661135297,0.208708
96,rgb,10,0,1.1895977988600588,-1.938455820218387,-2.1357809330511373,0.21675
97,rgb,9,0,1.1895977988600588,-1.938455820218387,-2.1924068804073613,0.275041
98,rgb,10,0,1.1895977988600588,-1.938455820218387,-2.234471457748441,0.334959
99,rgb,9,0,1.1895977988600588,-1.938455820218387,-2.2979049782443326,0.181375
100,rgb,8,0,1.1895977988600588,-1.938455820218387,-2.3265389061707538,0.307125
101,rgb,11,0,1.1585442560894041,-1.9710238640864353,-2.3323941544804256,0.449083
102,rgb,11,0,1.127591800682587,-2.0036879958564513,-2.329294847062556,0.243167
103,rgb,11,0,1.0966975551383682,-2.036407188882159,-2.327514275413705,0.244
104,rgb,11,0,1.0655292787626538,-2.068865447427051,-2.3359229876368772,0.215083
105,rgb,9,0,1.0655292787626538,-2.068865447427051,-2.411831186589552,0.197792
106,rgb,7,0,1.0655292787626538,-2.068865447427051,-2.5058935074775945,0.358833
107,rgb,10,0,1.0655292787626538,-2.068865447427051,-2.541879178461386,0.29775
108,rgb,10,0,1.0283154124317255,-2.0941662014218196,-2.5445019059989136,0.1555
109,rgb,10,0,0.9910489801995368,-2.119389465062429,-2.5465827334846836,0.162416
110,rgb,10,0,0.9536759376882109,-2.144454494355183,-2.5508226912643295,0.158417
111,rgb,10,0,0.9159779496111999,-2.16902809187255,-2.563914952072082,0.171667
112,rgb,8,0,0.8760449895896046,-2.189773180542249,-2.6624686766590457,0.25875
113,rgb,10,0,0.8352902685676693,-2.208853346013864,-2.7037311580206733,0.349209
114,rgb,9,0,0.7952839042008019,-2.229456520772756,-2.666019213589607,0.251542
115,rgb,10,0,0.7551036095489634,-2.249718404241265,-2.6745315829466563,0.377083
116,rgb,10,0,0.7148686380966399,-2.269871495126554,-2.6772373506973963,0.259416
117,rgb,9,0,0.6748179012900557,-2.2903882804802524,-2.668177407438634,0.251
118,rgb,6,0,0.633798329614437,-2.3088921919464473,-2.7178246939729434,0.353792
119,rgb,8,0,0.633798329614437,-2.3088921919464473,-2.7857263947080355,0.416125
120,rgb,7,0,0.633798329614437,-2.3088921919464473,-2.8561379203747492,0.35025
121,rgb,9,0,0.5904384857439489,-2.3209306278717197,-2.870773526112316,0.297333
122,rgb,9,0,0.5471125002692683,-2.3330903557736,-2.8679751010786276,0.295042
123,rgb,10,0,0.5038615499311853,-2.345514336409961,-2.8618706597189885,0.316291
124,rgb,10,0,0.46077338669027906,-2.3584916315258555,-2.849053597281454,0.24575
125,rgb,10,0,0.41794299842469906,-2.3722959004677326,-2.8298040108929854,0.207417
126,rgb,10,0,0.37531512449949567,-2.3867134024919032,-2.8154526177968364,0.17725
127,rgb,10,0,0.33297863346957357,-2.401965337689554,-2.7958112929190975,0.192292
128,rgb,9,0,0.33297863346957357,-2.401965337689554,-2.784706587175606,0.232709
129,rgb,8,0,0.33297863346957357,-2.401965337689554,-2.7757802188571077,0.386584
130,rgb,8,0,0.33297863346957357,-2.401965337689554,-2.768674306309549,0.3915
131,rgb,8,0,0.33297863346957357,-2.401965337689554,-2.755632956250338,0.513584
132,rgb,7,0,0.2914123875911304,-2.419206196240473,-2.748409956431715,0.471917
133,rgb,9,0,0.24981597600293098,-2.4363741472826073,-2.750163327291375,0.3955
134,rgb,10,0,0.20812335778788565,-2.453307120629733,-2.7558057767746504,0.367917
135,rgb,10,0,0.20812335778788565,-2.453307120629733,-2.7618217057024594,0.256208
136,rgb,9,0,0.20812335778788565,-2.453307120629733,-2.882811229530489,0.2595
137,rgb,10,0,0.20812335778788565,-2.453307120629733,-2.9145364499127027,0.3785
138,rgb,10,0,0.16411208278197761,-2.462688361078327,-2.9315802714263555,0.154959
139,rgb,9,0,0.1197208073113503,-2.470064990531599,-2.976924382004654,0.270959
140,rgb,9,0,0.07503030816317474,-2.4753336987116863,-3.0242410859500524,0.419292
141,rgb,8,0,0.03008652366489442,-2.4775823060522724,-3.0916027835046407,0.379708
142,rgb,7,0,0.03008652366489442,-2.4775823060522724,-3.116278828907525,0.338333
143,rgb,8,0,0.03008652366489442,-2.4775823060522724,-3.143656376603758,0.332417
144,rgb,7,0,0.03008652366489442,-2.4775823060522724,-3.1740496194397565,0.341209
145,rgb,11,0,-0.014888546753611308,-2.476084627565263,-3.174880545033375,0.35675
146,rgb,11,0,-0.0598299365827421,-2.4737886571329404,-3.1926363812817726,0.183292
147,rgb,11,0,-0.10465260592909928,-2.469797628109351,-3.2303988704516087,0.20425
148,rgb,11,0,-0.1492551030325368,-2.463829608995956,-3.27460718844668,0.2345
149,rgb,8,0,-0.19323093393772486,-2.454283599557541,-3.3553503299190197,0.252542
150,rgb,11,0,-0.23605426333468016,-2.4404574482723906,-3.4538922453357372,0.399958
151,rgb,11,0,-0.27832441274540703,-2.4250226023452415,-3.4916977988614235,0.203625
152,rgb,11,0,-0.31943019672255046,-2.4067110070126545,-3.560677144123474,0.243042
153,rgb,11,0,-0.35827318135764014,-2.383990475666795,-3.6708595709933434,0.271708
154,rgb,9,0,-0.35827318135764014,-2.383990475666795,-3.748767185403267,0.245292
155,rgb,11,0,-0.35827318135764014,-2.383990475666795,-3.75285044676275,0.361625
156,rgb,10,0,-0.35827318135764014,-2.383990475666795,-3.7360990773013327,0.19725
157,rgb,9,0,-0.35827318135764014,-2.383990475666795,-3.6754925641289447,0.256
158,rgb,9,0,-0.3972745567200011,-2.3615429207922833,-3.6638462086266372,0.412333
159,rgb,10,0,-0.43643709395468533,-2.339377730124437,-3.6566213149635587,0.355042
160,rgb,10,0,-0.4757677483584026,-2.317512240782203,-3.648984987201402,0.174333
161,rgb,10,0,-0.515133721681537,-2.2957104026871646,-3.647367351601133,0.172083
162,rgb,8,0,-0.5535820197062384,-2.272328179118741,-3.687981192866573,0.213542
163,rgb,11,0,-0.5905011784877513,-2.2465992903968113,-3.750233718106756,0.389583
164,rgb,11,0,-0.6250570993599219,-2.217774156699354,-3.8368180328106973,0.248667
165,rgb,8,0,-0.6250570993599219,-2.217774156699354,-3.944823072204599,0.185334
166,rgb,11,0,-0.6250570993599219,-2.217774156699354,-3.978743516752729,0.393291
167,rgb,11,0,-0.6551610046575833,-2.184326363261977,-3.979559158004122,0.2185
168,rgb,11,0,-0.685241660401706,-2.1508576592236732,-3.980254040536238,0.208625
169,rgb,11,0,-0.7151499463784926,-2.117234833198326,-3.9853923758200835,0.232417
170,rgb,10,0,-0.7425939629194247,-2.0815721642558445,-4.056496179633541,0.232
171,rgb,10,0,-0.7673736659080755,-2.0440093326294315,-4.129234193795128,0.204208
172,rgb,9,0,-0.7673736659080755,-2.0440093326294315,-4.200923136406345,0.251958
173,rgb,14,0,-0.7673736659080755,-2.0440093326294315,-4.258520110481186,0.493375
174,rgb,14,0,-0.7873133566634519,-2.0036681783006327,-4.253330522653414,0.1795
175,rgb,14,0,-0.8074980109363482,-1.9634490319660367,-4.247249046777142,0.253459
176,rgb,13,0,-0.827417615729813,-1.9230979558357502,-4.253828363929642,0.244375
177,rgb,12,0,-0.8475824330379897,-1.8828688601097976,-4.247742207691772,0.209416
178,rgb,12,0,-0.8680695374794838,-1.842802932545303,-4.239714676485164,0.275792
179,rgb,12,0,-0.8887281063153833,-1.802825144541808,-4.23543041429366,0.230875
180,rgb,11,0,-0.9097485921358548,-1.7630364630372475,-4.226356062543346,0.236875
181,rgb,9,0,-0.9321809336868354,-1.7240263354734962,-4.190525453042937,0.266333
182,rgb,8,0,-0.9503776584660336,-1.6828695716635205,-4.296097266924335,0.38875
183,rgb,10,0,-0.9655653285308679,-1.6405099838704158,-4.368125166249229,0.39025
184,rgb,8,0,-0.9655653285308679,-1.6405099838704158,-4.417242019873811,0.240541
185,rgb,10,0,-0.9655653285308679,-1.6405099838704158,-4.401431485515786,0.401708
186,rgb,8,0,-0.9802778617894854,-1.597983035177686,-4.379319682222558,0.222333
187,rgb,8,0,-0.9954200496937536,-1.5556071676883727,-4.369198675703956,0.33425
188,rgb,10,0,-1.011211685330018,-1.5134690110612554,-4.353829984989716,0.317458
189,rgb,10,0,-1.027390024045539,-1.4714778053580861,-4.344636991125299,0.183959
190,rgb,9,0,-1.0378731102080991,-1.4277158937852545,-4.477271258336259,0.200291
191,rgb,9,0,-1.04344258608354,-1.383061880096977,-4.588304675620748,0.47275
192,rgb,9,0,-1.0450954270973019,-1.3380922446016428,-4.675650916498853,0.383125
193,rgb,6,0,-1.044233251065992,-1.2931005047765256,-4.731549620133592,0.47725
194,rgb,10,0,-1.044233251065992,-1.2931005047765256,-4.725218353763921,0.441458
195,rgb,9,0,-1.044233251065992,-1.2931005047765256,-4.716424675629241,0.207542
196,rgb,10,0,-1.044233251065992,-1.2931005047765256,-4.707714765303535,0.3545
197,rgb,10,0,-1.044233251065992,-1.2931005047765256,-4.689238742896123,0.178125
198,rgb,10,0,-1.0457115112172477,-1.248124791920305,-4.679532843612833,0.2025
199,rgb,10,0,-1.0475409753410518,-1.2031619955101647,-4.671723014645977,0.261542
200,rgb,10,0,-1.0497345850528599,-1.1582154931275292,-4.663622771360679,0.16925
201,rgb,10,0,-1.0518410630760762,-1.11326482293967,-4.665561245259596,0.17225
202,rgb,10,0,-1.0530413579210938,-1.068280833651424,-4.685712597769452,0.145958
203,rgb,8,0,-1.050101991676668,-1.023376934866562,-4.777754768234445,0.262041
204,rgb,7,0,-1.047175021638098,-0.9784722263562808,-4.777478709933348,0.314333
205,rgb,9,0,-1.0443927593257283,-0.9335583196410421,-4.774256491451524,0.392041
206,rgb,8,0,-1.0394003572615125,-0.8888361112694823,-4.823560101329349,0.360375
207,rgb,9,0,-1.0394003572615125,-0.8888361112694823,-4.868920267908834,0.338334
208,rgb,5,0,-1.0394003572615125,-0.8888361112694823,-4.900229447870515,0.354875
209,reseed,3,0,-1.0394003572615125,-0.8888361112694823,-4.900229447870515,0.450333
210,bootstrap,3,0,-1.0394003572615125,-0.8888361112694823,-4.900229447870515,0.149833
211,rgb,7,0,-1.0394003572615125,-0.8888361112694823,-4.95202788838651,0.375459
212,rgb,7,0,-1.0394003572615125,-0.8888361112694823,-4.9614542837953195,0.377417
213,rgb,8,0,-1.0394003572615125,-0.8888361112694823,-4.961838086455828,0.319708
214,rgb,8,0,-1.0394003572615125,-0.8888361112694823,-4.962734919128707,0.340083
215,rgb,8,0,-1.0394003572615125,-0.8888361112694823,-4.946024499920895,0.3475
216,rgb,8,0,-1.0394003572615125,-0.8888361112694823,-4.945783525152365,0.318417
217,rgb,8,0,-1.0394003572615125,-0.8888361112694823,-4.945762032033599,0.293417
218,rgb,7,0,-1.0394003572615125,-0.8888361112694823,-4.945498634073374,0.329917
219,rgb,8,0,-1.0394003572615125,-0.8888361112694823,-4.945447740372401,0.353458
220,reseed,3,0,-1.0394003572615125,-0.8888361112694823,-4.945447740372401,0.520958
221,bootstrap,3,0,-1.0394003572615125,-0.8888361112694823,-4.945447740372401,0.169625
222,rgb,8,0,-1.0394003572615125,-0.8888361112694823,-4.935650759603959,0.338958
223,rgb,11,0,-1.0394003572615125,-0.8888361112694823,-4.9209899820798455,0.369458
224,rgb,11,0,-1.0394003572615125,-0.8888361112694823,-4.91168769471733,0.2375
225,rgb,10,0,-1.0394003572615125,-0.8888361112694823,-4.919636538479608,0.27
226,rgb,10,0,-1.0394003572615125,-0.8888361112694823,-4.954661427293104,0.225459
227,rgb,10,0,-1.0394003572615125,-0.8888361112694823,-4.965477284271401,0.233541
228,rgb,10,0,-1.0277803932208633,-0.8453622520470251,-4.9735697156229435,0.203542
229,rgb,10,0,-1.0153373027085317,-0.8021167956556084,-4.992552839446944,0.168083
230,rgb,10,0,-1.0029897296492885,-0.7588439700077882,-4.99034481099261,0.186792
231,rgb,10,0,-0.9907047566967812,-0.715553330839994,-4.988898471108769,0.187792
232,rgb,10,0,-0.975191279950378,-0.6733119762305735,-5.064354956261013,0.196917
233,rgb,9,0,-0.975191279950378,-0.6733119762305735,-5.0876607896007044,0.209833
234,rgb,6,0,-0.975191279950378,-0.6733119762305735,-5.178057998529766,0.430167
235,rgb,9,0,-0.975191279950378,-0.6733119762305735,-5.196610400564168,0.38175
236,rgb,10,0,-0.975191279950378,-0.6733119762305735,-5.22884434658954,0.370125
237,rgb,10,0,-0.9524764087811189,-0.6344656813266324,-5.241510184592698,0.243083
238,rgb,10,0,-0.9284622119348407,-0.596408903351767,-5.2752982248730405,0.226792
239,rgb,9,0,-0.9031960997450659,-0.5591715085071527,-5.308549137896989,0.184916
240,rgb,11,0,-0.876614807662983,-0.5228612494713513,-5.344309346861337,0.381167
241,rgb,11,0,-0.8464811571310903,-0.48944025149669823,-5.446108462399934,0.191625
242,rgb,11,0,-0.8464811571310903,-0.48944025149669823,-5.506918957567905,0.289416
243,rgb,11,0,-0.8464811571310903,-0.48944025149669823,-5.520572470612024,0.198167
244,rgb,11,0,-0.8464811571310903,-0.48944025149669823,-5.516359231545721,0.212208
245,rgb,11,0,-0.8140974787412276,-0.45819449380158156,-5.515668795380407,0.183209
246,rgb,11,0,-0.7817757637099304,-0.4268846433159019,-5.5136877311688295,0.194208
247,rgb,11,0,-0.7495824920535032,-0.39544274038278604,-5.5095940385308495,0.2105
248,rgb,11,0,-0.7175831587222884,-0.363803482073562,-5.503445207077675,0.204625
249,rgb,11,0,-0.6848905109884346,-0.33288114735979657,-5.525608518097215,0.158041
250,rgb,9,0,-0.6509178039292846,-0.30337089193777117,-5.567965396616273,0.17975
251,rgb,9,0,-0.6138694758100165,-0.27782835127386984,-5.679582879814916,0.387208
252,rgb,10,0,-0.6138694758100165,-0.27782835127386984,-5.760439881059938,0.32725
253,rgb,10,0,-0.6138694758100165,-0.27782835127386984,-5.800667581084781,0.219291
254,rgb,9,0,-0.6138694758100165,-0.27782835127386984,-5.8423948780928185,0.180959
255,rgb,13,0,-0.6138694758100165,-0.27782835127386984,-5.839427659457215,0.375334
256,rgb,12,0,-0.573348637504972,-0.2582563901289963,-5.833222026640215,0.227709
257,rgb,12,0,-0.5329043323469339,-0.23852676316132415,-5.8293273723047605,0.276459
258,rgb,12,0,-0.49256257416075183,-0.2185882941517033,-5.824157134566121,0.236334
259,rgb,12,0,-0.45225285634951473,-0.19858512815283116,-5.822552775201984,0.234333
260,rgb,10,0,-0.4106626370924171,-0.181402181311659,-5.891395447013565,0.2155
261,rgb,10,0,-0.3682019551987987,-0.16649948044473734,-5.945640833286234,0.231417
262,rgb,9,0,-0.3682019551987987,-0.16649948044473734,-6.061186806467958,0.205625
263,rgb,11,0,-0.3682019551987987,-0.16649948044473734,-6.085550422949382,0.40225
264,rgb,10,0,-0.3682019551987987,-0.16649948044473734,-6.07952859688703,0.269625
265,rgb,10,0,-0.3682019551987987,-0.16649948044473734,-6.074047740252354,0.197583
266,rgb,10,0,-0.3682019551987987,-0.16649948044473734,-6.072424594132826,0.192709
267,rgb,10,0,-0.3240378077950071,-0.1578665154792015,-6.090144945128486,0.228208
268,rgb,10,0,-0.27947478351941585,-0.15161056891508637,-6.143712526007221,0.186958
269,rgb,9,0,-0.23487213139851662,-0.14564370845232683,-6.150196749536917,0.161458
270,rgb,13,0,-0.19025714054177784,-0.1397698178461685,-6.1522808624959,0.37675
271,rgb,13,0,-0.14565812917272136,-0.1337758054251962,-6.14958797260806,0.248916
272,rgb,13,0,-0.10108916214498909,-0.12756233794874533,-6.14466569857359,0.175
273,rgb,13,0,-0.05658008959552833,-0.12093342696828717,-6.1353381360477215,0.289167
274,rgb,12,0,-0.012119162320464713,-0.11398893664562822,-6.128244103916586,0.23625
275,rgb,12,0,0.03221744113842443,-0.10629052163153478,-6.111263753899038,0.245333
276,rgb,11,0,0.03221744113842443,-0.10629052163153478,-6.125457471289337,0.278083
277,rgb,6,0,0.03221744113842443,-0.10629052163153478,-6.208693495073021,0.225958
278,rgb,8,0,0.03221744113842443,-0.10629052163153478,-6.282105339743794,0.419459
279,rgb,9,0,0.03221744113842443,-0.10629052163153478,-6.294262955949307,0.35175
280,rgb,11,0,0.03221744113842443,-0.10629052163153478,-6.301888157666326,0.331083
281,rgb,10,0,0.03221744113842443,-0.10629052163153478,-6.299418621283621,0.20325
282,rgb,10,0,0.03221744113842443,-0.10629052163153478,-6.29734896734044,0.174583
283,rgb,10,0,0.03221744113842443,-0.10629052163153478,-6.296705195558388,0.175458
284,rgb,10,0,0.03221744113842443,-0.10629052163153478,-6.2967276928047795,0.138417
285,rgb,10,0,0.03221744113842443,-0.10629052163153478,-6.296727825161497,0.145334
286,rgb,10,0,0.03221744113842443,-0.10629052163153478,-6.296695772214434,0.141542
287,rgb,10,0,0.03221744113842443,-0.10629052163153478,-6.296713560051785,0.147792
288,rgb,10,0,0.03221744113842443,-0.10629052163153478,-6.296726885092312,0.163417
289,rgb,10,0,0.03221744113842443,-0.10629052163153478,-6.296726727848011,0.205708
290,rgb,10,0,0.03221744113842443,-0.10629052163153478,-6.296745317745092,0.215416
291,rgb,10,0,0.03221744113842443,-0.10629052163153478,-6.296753311185796,0.168583
292,rgb,10,0,0.03221744113842443,-0.10629052163153478,-6.296722589720787,0.157292
293,rgb,10,0,0.03221744113842443,-0.10629052163153478,-6.296773991636485,0.192208
294,rgb,10,0,0.03221744113842443,-0.10629052163153478,-6.296702690962604,0.197667
295,rgb,10,0,0.03221744113842443,-0.10629052163153478,-6.29674486863388,0.181458
296,rgb,10,0,0.03221744113842443,-0.10629052163153478,-6.296755939085244,0.144458
297,rgb,10,0,0.03221744113842443,-0.10629052163153478,-6.296744307532947,0.184875
298,rgb,10,0,0.03221744113842443,-0.10629052163153478,-6.296695807283697,0.167791
299,rgb,10,0,0.03221744113842443,-0.10629052163153478,-6.29677626432823,0.1635
300,rgb,10,0,0.03221744113842443,-0.10629052163153478,-6.296741214687074,0.180792
301,rgb,10,0,0.03221744113842443,-0.10629052163153478,-6.296726321728613,0.173208
302,rgb,10,0,0.03221744113842443,-0.10629052163153478,-6.296726283973012,0.138833
303,rgb,10,0,0.03221744113842443,-0.10629052163153478,-6.296746356237318,0.122667
304,rgb,10,0,0.03221744113842443,-0.10629052163153478,-6.296773850233048,0.145958
305,rgb,10,0,0.03221744113842443,-0.10629052163153478,-6.296732616024283,0.18925
306,rgb,10,0,0.03221744113842443,-0.10629052163153478,-6.29672646087155,0.229292
307,rgb,10,0,0.03221744113842443,-0.10629052163153478,-6.296756259233998,0.203916
308,rgb,10,0,0.03221744113842443,-0.10629052163153478,-6.296775944184528,0.162666
309,rgb,10,0,0.03221744113842443,-0.10629052163153478,-6.296732242713087,0.148292
310,rgb,10,0,0.03221744113842443,-0.10629052163153478,-6.296725380526905,0.171958
311,rgb,10,0,0.03221744113842443,-0.10629052163153478,-6.296499587887947,0.181333
312,rgb,10,0,0.03221744113842443,-0.10629052163153478,-6.2964782516606554,0.195166
313,rgb,10,0,0.03221744113842443,-0.10629052163153478,-6.29647398647975,0.171583
314,rgb,10,0,0.03221744113842443,-0.10629052163153478,-6.296465417230674,0.195833
315,rgb,10,0,0.03221744113842443,-0.10629052163153478,-6.296463522380318,0.194417
316,rgb,10,0,0.03221744113842443,-0.10629052163153478,-6.296500999692025,0.146792
317,rgb,10,0,0.03221744113842443,-0.10629052163153478,-6.2964900446282535,0.184209
318,rgb,10,0,0.03221744113842443,-0.10629052163153478,-6.297066987554526,0.183667
319,rgb,10,0,0.03221744113842443,-0.10629052163153478,-6.296951806664392,0.204334
320,rgb,10,0,0.03221744113842443,-0.10629052163153478,-6.296918847580482,0.187041
321,rgb,10,0,0.03221744113842443,-0.10629052163153478,-6.2969318649189425,0.210958
322,rgb,10,0,0.03221744113842443,-0.10629052163153478,-6.296959143975609,0.181375
323,rgb,10,0,0.03221744113842443,-0.10629052163153478,-6.2969518779314875,0.222458
324,rgb,10,0,0.03221744113842443,-0.10629052163153478,-6.296944999907364,0.148916
325,rgb,10,0,0.03221744113842443,-0.10629052163153478,-6.296912617763237,0.162708
326,rgb,10,0,0.03221744113842443,-0.10629052163153478,-6.296936548307794,0.164125
327,rgb,10,0,0.03221744113842443,-0.10629052163153478,-6.296931303814372,0.146625
328,rgb,10,0,0.03221744113842443,-0.10629052163153478,-6.296971138660037,0.193459
329,rgb,10,0,0.03221744113842443,-0.10629052163153478,-6.296877202722126,0.167375
330,rgb,10,0,0.03221744113842443,-0.10629052163153478,-6.296999312543075,0.167875
331,rgb,10,0,0.03221744113842443,-0.10629052163153478,-6.296956073753417,0.146292
332,rgb,10,0,0.03221744113842443,-0.10629052163153478,-6.296968750585247,0.178833
333,rgb,10,0,0.03221744113842443,-0.10629052163153478,-6.2969529390489605,0.181875
334,rgb,10,0,0.03221744113842443,-0.10629052163153478,-6.296979103820004,0.161917
335,rgb,10,0,0.03221744113842443,-0.10629052163153478,-6.296969525492923,0.139167
336,rgb,10,0,0.03221744113842443,-0.10629052163153478,-6.29696079221193,0.168667
337,rgb,10,0,0.03221744113842443,-0.10629052163153478,-6.296950023805575,0.157625
338,rgb,10,0,0.03221744113842443,-0.10629052163153478,-6.296948156105227,0.194291
339,rgb,10,0,0.03221744113842443,-0.10629052163153478,-6.296962193835807,0.17625
340,rgb,10,0,0.03221744113842443,-0.10629052163153478,-6.29697660488031,0.204833
341,rgb,10,0,0.03221744113842443,-0.10629052163153478,-6.296972869479614,0.163958
342,rgb,10,0,0.03221744113842443,-0.10629052163153478,-6.296971622837727,0.234958
343,rgb,10,0,0.03221744113842443,-0.10629052163153478,-6.296974712292322,0.179208
344,rgb,10,0,0.03221744113842443,-0.10629052163153478,-6.297003575104863,0.180375
345,rgb,10,0,0.03221744113842443,-0.10629052163153478,-6.297006492608798,0.175916
346,reseed,4,0,0.03221744113842443,-0.10629052163153478,-6.297006492608798,0.409375
347,bootstrap,4,0,0.03221744113842443,-0.10629052163153478,-6.297006492608798,0.131333
348,rgb,9,0,0.07721578373358348,-0.10667673878378814,-6.291768015933794,0.305375
349,rgb,8,0,0.12221577650937562,-0.10670223738483924,-6.283751942788822,0.354
350,rgb,11,0,0.1672157221162472,-0.10663227040261479,-6.28163048472592,0.320167
351,rgb,11,0,0.21221348678433352,-0.10618374517977693,-6.273217914964643,0.174208
352,rgb,11,0,0.25720275846267754,-0.10520118024444146,-6.261348795484391,0.160125
353,rgb,11,0,0.3021732345763776,-0.1035713710202901,-6.24695940163323,0.18025
354,rgb,11,0,0.34711984543070706,-0.10137998499553862,-6.234468572180358,0.253125
355,rgb,10,0,0.3920564631097422,-0.09899243571474299,-6.230103732425359,0.230791
356,rgb,10,0,0.4369792390782682,-0.09635725084805487,-6.224592122587946,0.197375
357,rgb,10,0,0.4369792390782682,-0.09635725084805487,-6.268080829981354,0.232542
358,rgb,9,0,0.4369792390782682,-0.09635725084805487,-6.386607333425072,0.26775
359,rgb,10,0,0.4816459542988481,-0.10182392729756386,-6.404967808503297,0.390209
360,rgb,10,0,0.5263292859451609,-0.10715308041842865,-6.401889506367606,0.180917
361,rgb,9,0,0.5710608681328807,-0.11206078405488337,-6.3924627486743155,0.201958
362,rgb,10,0,0.6158509144360023,-0.11640264450453303,-6.379821431463224,0.320458
363,rgb,10,0,0.66067178176527,-0.1204138602619037,-6.372441901931179,0.1565
364,rgb,10,0,0.7055724295709671,-0.12340247643477487,-6.349647919753206,0.235084
365,rgb,10,0,0.7055724295709671,-0.12340247643477487,-6.34355655975045,0.243917
366,rgb,10,0,0.7055724295709671,-0.12340247643477487,-6.319696824172151,0.197125
367,rgb,8,0,0.7055724295709671,-0.12340247643477487,-6.310327803821874,0.200416
368,rgb,9,0,0.7055724295709671,-0.12340247643477487,-6.292552966730309,0.318667
369,rgb,12,0,0.7505708900621483,-0.12377470408501538,-6.291457127070625,0.393625
370,rgb,12,0,0.7955701505004713,-0.12403269634067297,-6.288918499824231,0.17425
371,rgb,12,0,0.8405700324863948,-0.12413575580388164,-6.285475519475167,0.291875
372,rgb,11,0,0.8405700324863948,-0.12413575580388164,-6.289442351542984,0.264
373,rgb,11,0,0.8405700324863948,-0.12413575580388164,-6.325222341798817,0.207333
374,rgb,11,0,0.8405700324863948,-0.12413575580388164,-6.352365209244763,0.177334
375,rgb,11,0,0.8405700324863948,-0.12413575580388164,-6.359310185991799,0.206833
376,rgb,11,0,0.8854387803982459,-0.12757020784500375,-6.359580752632919,0.179583
377,rgb,11,0,0.930267134905898,-0.1314968644554377,-6.370555457852188,0.168917
378,rgb,10,0,0.9749642144818628,-0.13670945281247016,-6.399281223497692,0.182041
379,rgb,10,0,1.0194731850265286,-0.14333904865641559,-6.431047865382734,0.187958
380,rgb,10,0,1.0636904019271614,-0.15169594578168819,-6.469978493831459,0.173042
381,rgb,6,0,1.1072438367948056,-0.1630139982303146,-6.537427750609222,0.252459
382,rgb,10,0,1.1496755261865457,-0.1779990486260554,-6.62266987302095,0.475833
383,rgb,10,0,1.1909065398477294,-0.19602690242153725,-6.695377608022991,0.237834
384,rgb,10,0,1.230446721526728,-0.21751117650263604,-6.780910891673866,0.198084
385,rgb,8,0,1.2664558672018058,-0.24449897796461184,-6.92634761073381,0.202583
386,rgb,10,0,1.299233982979964,-0.27533070068705573,-7.037994084141555,0.351167
387,rgb,10,0,1.299233982979964,-0.27533070068705573,-7.119772491238418,0.192167
388,rgb,9,0,1.299233982979964,-0.27533070068705573,-7.1444692790576845,0.212084
389,rgb,11,0,1.299233982979964,-0.27533070068705573,-7.144549280314404,0.404792
390,rgb,11,0,1.299233982979964,-0.27533070068705573,-7.149217445312697,0.175292
391,rgb,11,0,1.328170579466025,-0.30979333819208255,-7.155526320825029,0.18775
392,rgb,11,0,1.3568970604303465,-0.34443131289336193,-7.161607739424962,0.19775
393,rgb,11,0,1.3854650652210867,-0.3792001078433778,-7.166174322741735,0.192
394,rgb,9,0,1.3854650652210867,-0.3792001078433778,-7.239689402657259,0.180334
395,rgb,10,0,1.3854650652210867,-0.3792001078433778,-7.291352335738647,0.396125
396,rgb,10,0,1.3854650652210867,-0.3792001078433778,-7.327254094558466,0.151125
397,rgb,8,0,1.406688096695264,-0.41888112263692967,-7.362851295995224,0.154041
398,rgb,14,0,1.4281134580720911,-0.45845325790750063,-7.357745392623055,0.376875
399,rgb,13,0,1.449731351297376,-0.4979205442659543,-7.352873609310645,0.224583
400,rgb,13,0,1.4714083391367174,-0.5373554044560582,-7.351375688009593,0.214875
401,rgb,11,0,1.4911701706811675,-0.5777839836298158,-7.399327274554107,0.213
402,rgb,11,0,1.507917792103241,-0.6195514012744693,-7.472636442773673,0.242958
403,rgb,9,0,1.507917792103241,-0.6195514012744693,-7.527223948531482,0.193834
404,rgb,13,0,1.507917792103241,-0.6195514012744693,-7.519179337800178,0.533291
405,rgb,13,0,1.5227088003299825,-0.6620511198104368,-7.5190664456134435,0.216917
406,rgb,13,0,1.5375171840694677,-0.7045447872330558,-7.518657578210277,0.261791
407,rgb,12,0,1.552479505783225,-0.7469844965738845,-7.515032670981181,0.226875
408,rgb,12,0,1.567447514357864,-0.7894222005564228,-7.514898669233244,0.21825
409,rgb,11,0,1.582737179959825,-0.8317450800163579,-7.507308927157592,0.216875
410,rgb,9,0,1.5951845877592707,-0.8749892939538815,-7.573717941322993,0.171208
411,rgb,10,0,1.6051588265040924,-0.918869979471103,-7.630475655922364,0.397291
412,rgb,9,0,1.6051588265040924,-0.918869979471103,-7.621864308396052,0.20575
413,rgb,10,0,1.6051588265040924,-0.918869979471103,-7.619653611935373,0.364959
414,rgb,10,0,1.6051588265040924,-0.918869979471103,-7.6134760049429495,0.233167
415,rgb,10,0,1.6158504876191533,-0.9625814011203779,-7.614095040098928,0.195709
416,rgb,10,0,1.6268174335102634,-1.006224568945611,-7.6077923634696525,0.187125
417,rgb,10,0,1.6382815339367975,-1.0497397892875826,-7.596384416301898,0.219334
418,rgb,10,0,1.649495916814596,-1.0933200327090016,-7.602118741688482,0.244625
419,rgb,10,0,1.6606548304023963,-1.1369145122624955,-7.60339134183263,0.322917
420,rgb,6,0,1.6725948915222129,-1.1803015488109283,-7.58543059412872,0.287708
421,rgb,6,0,1.6855201032199356,-1.2234053642170968,-7.56265112195646,0.370834
422,rgb,10,0,1.6983489488407078,-1.2665379588531536,-7.564886048869393,0.314625
423,rgb,9,0,1.7075707089049654,-1.310582926117499,-7.647591487006448,0.214541
424,rgb,10,0,1.7075707089049654,-1.310582926117499,-7.7529221106927615,0.42525
425,rgb,9,0,1.7075707089049654,-1.310582926117499,-7.833175510601304,0.21125
426,rgb,10,0,1.7075707089049654,-1.310582926117499,-7.911017187372945,0.362584
427,rgb,10,0,1.7032244231743008,-1.3553725432217725,-7.95071655927708,0.210917
428,rgb,10,0,1.6989081261215748,-1.4001650602279938,-7.95004703566914,0.310792
429,rgb,10,0,1.694929006347875,-1.4449887883842567,-7.942522156951181,0.238125
430,rgb,10,0,1.691116974404387,-1.48982703558976,-7.938795100166626,0.277833
431,rgb,10,0,1.6873741814594803,-1.5346711154774282,-7.937251005871385,0.319417
432,rgb,8,0,1.6859040140884414,-1.5796470935979887,-7.886657834602683,0.344708
433,rgb,9,0,1.6825861189589277,-1.6245246110416882,-7.9277796042991575,0.43225
434,rgb,11,0,1.677031045403741,-1.6691804187020192,-7.977743413848966,0.482666
435,rgb,8,0,1.6704822443108678,-1.7137013486591302,-8.000029190061777,0.281375
436,rgb,8,0,1.6608025279611,-1.7576479422858042,-8.070780782578677,0.411208
437,rgb,10,0,1.6508243607365947,-1.8015277346604248,-8.077577139334917,0.460833
438,rgb,10,0,1.6508243607365947,-1.8015277346604248,-8.07155671863833,0.182125
439,rgb,10,0,1.6508243607365947,-1.8015277346604248,-8.06475774998793,0.209083
440,rgb,10,0,1.6508243607365947,-1.8015277346604248,-8.056821102826088,0.293917
441,rgb,9,0,1.6508243607365947,-1.8015277346604248,-8.040911229876965,0.225166
442,rgb,11,0,1.6508243607365947,-1.8015277346604248,-8.032851853957563,0.379333
443,rgb,11,0,1.6508243607365947,-1.8015277346604248,-8.029114785920992,0.17025
444,rgb,11,0,1.6508243607365947,-1.8015277346604248,-8.023653873559251,0.213375
445,rgb,11,0,1.6433564534503924,-1.8459037457561136,-8.020706469509914,0.223083
446,rgb,11,0,1.6359179838254854,-1.890284700789093,-8.020043137683697,0.216
447,rgb,10,0,1.6287097961771309,-1.9347036385389549,-8.01485661204455,0.187291
448,rgb,10,0,1.6222224540004972,-1.979233565458761,-7.998648879784323,0.222541
449,rgb,10,0,1.6151507334024717,-2.023674433674666,-8.011785100880243,0.204667
450,rgb,8,0,1.605012312555651,-2.067517476711535,-8.081230770531274,0.222583
451,rgb,11,0,1.605012312555651,-2.067517476711535,-8.124361093822099,0.435041
452,rgb,10,0,1.605012312555651,-2.067517476711535,-8.190855178716756,0.197917
453,rgb,10,0,1.605012312555651,-2.067517476711535,-8.205380550320424,0.201875
454,rgb,10,0,1.5893140072826684,-2.1096904919174255,-8.210326680182643,0.198667
455,rgb,10,0,1.5726980055056325,-2.151510445109001,-8.232177556692786,0.193917
456,rgb,10,0,1.5542367695348316,-2.192549240978646,-8.276709468304343,0.182541
457,rgb,10,0,1.5350199002160319,-2.233239681300473,-8.29520008081121,0.214792
458,rgb,9,0,1.514445260563306,-2.2732607283027755,-8.32884194070024,0.239
459,rgb,10,0,1.514445260563306,-2.2732607283027755,-8.358111177771516,0.313833
460,rgb,9,0,1.514445260563306,-2.2732607283027755,-8.408217889457173,0.180959
461,rgb,10,0,1.514445260563306,-2.2732607283027755,-8.391171469553537,0.35925
462,rgb,10,0,1.4916022667724125,-2.3120318210739264,-8.386404224871821,0.165
463,rgb,10,0,1.4688044594435776,-2.3508295011720626,-8.385239156629122,0.157333
464,rgb,10,0,1.446106732360986,-2.389685815784802,-8.382661563777528,0.185167
465,rgb,10,0,1.4239374062627743,-2.428846012162644,-8.369115895093582,0.2
466,rgb,10,0,1.4239374062627743,-2.428846012162644,-8.39152368946483,0.232333
467,rgb,10,0,1.4239374062627743,-2.428846012162644,-8.391523632902132,0.182708
468,rgb,10,0,1.4239374062627743,-2.428846012162644,-8.440317179757582,0.253083
469,rgb,9,0,1.4239374062627743,-2.428846012162644,-8.454145877371953,0.166083
470,rgb,9,0,1.3983806296113235,-2.4658845214089387,-8.45796836678073,0.338625
471,rgb,9,0,1.3727909411906851,-2.5029002997545935,-8.458857221919057,0.300333
472,rgb,10,0,1.347031127815861,-2.539797887953475,-8.463460574782399,0.40225
473,rgb,10,0,1.3211904511535184,-2.5766388899706874,-8.465653815929723,0.18175
474,rgb,9,0,1.2955843791746045,-2.6136433367009206,-8.459299899795038,0.16775
475,rgb,9,0,1.2700851767684382,-2.6507215065134853,-8.456414756056798,0.415166
476,rgb,7,0,1.244791615552313,-2.687940262013987,-8.450879112043364,0.3735
477,rgb,8,0,1.2198629497498128,-2.725404399816788,-8.4411073291385,0.379292
478,rgb,8,0,1.1954610737794669,-2.7632137696756978,-8.42711087145744,0.373333
479,rgb,8,0,1.1706682502207963,-2.800767942546214,-8.437485757441205,0.425042
480,rgb,8,0,1.1706682502207963,-2.800767942546214,-8.480884513975067,0.379166
481,rgb,11,0,1.143652476612297,-2.8367561069386125,-8.4979209705898,0.483833
482,rgb,9,0,1.1147716501732337,-2.871265494997468,-8.550819768727703,0.297542
483,rgb,8,0,1.085244650242802,-2.905223649763419,-8.569694531307501,0.365167
484,rgb,11,0,1.056227415362947,-2.93961841796917,-8.55477913112281,0.403917
485,rgb,11,0,1.0278163211099778,-2.9745155485582155,-8.537284296163303,0.27075
486,rgb,11,0,0.9997330797115681,-3.0096770552460503,-8.527924980194253,0.250333
487,rgb,11,0,0.9997330797115681,-3.0096770552460503,-8.514605648041648,0.262458
488,rgb,10,0,0.9997330797115681,-3.0096770552460503,-8.49874013957469,0.2935
489,rgb,9,0,0.9997330797115681,-3.0096770552460503,-8.533560852677507,0.210042
490,rgb,10,0,0.9997330797115681,-3.0096770552460503,-8.55697597672133,0.3975
491,rgb,10,0,0.970757177707655,-3.0441066515704285,-8.55357801953232,0.2135
492,rgb,10,0,0.9417711681700149,-3.0785277388728924,-8.55387162689021,0.241584
493,rgb,10,0,0.9417711681700149,-3.0785277388728924,-8.617368752992657,0.208875
494,rgb,10,0,0.9417711681700149,-3.0785277388728924,-8.667532931006459,0.204667
495,rgb,10,0,0.9417711681700149,-3.0785277388728924,-8.718220966792611,0.232
496,rgb,9,0,0.9069976902959888,-3.1070900433412754,-8.737134587875513,0.218333
497,rgb,13,0,0.871695566659272,-3.1349963162335475,-8.755857578403262,0.355292
498,rgb,11,0,0.834807912723825,-3.1607703533084552,-8.814913476741818,0.230041
499,rgb,11,0,0.7968112772951277,-3.1848795983422313,-8.859369206166772,0.229459
500,rgb,11,0,0.7577097491462563,-3.207152238428737,-8.907003483659533,0.20875
501,rgb,9,0,0.7168133004594248,-3.2259267020643607,-8.994404426700381,0.238042
502,rgb,12,0,0.674860482419193,-3.242204326537336,-9.054660449660329,0.442292
503,rgb,12,0,0.674860482419193,-3.242204326537336,-9.05466977873493,0.240334
504,rgb,12,0,0.674860482419193,-3.242204326537336,-9.049790935997404,0.224375
505,rgb,12,0,0.6330952637302815,-3.25895743096211,-9.043301491473354,0.235875
506,rgb,12,0,0.6330952637302815,-3.25895743096211,-9.03363094612632,0.207333
507,rgb,11,0,0.6330952637302815,-3.25895743096211,-9.053434261527396,0.244458
508,rgb,11,0,0.6330952637302815,-3.25895743096211,-9.087394484725333,0.230625
509,rgb,11,0,0.6330952637302815,-3.25895743096211,-9.093270039126761,0.207292
510,rgb,11,0,0.5905096829426468,-3.273499380933824,-9.095717074988894,0.16425
511,rgb,11,0,0.5477237378786363,-3.2874407906537724,-9.109785708306841,0.251
512,rgb,11,0,0.5040970305477519,-3.298473034644247,-9.177092226861529,0.212167
513,rgb,10,0,0.45978744225222545,-3.3063254473359582,-9.249381976841502,0.201875
514,rgb,9,0,0.4149427824447657,-3.3100612854953546,-9.341663676022105,0.296417
515,rgb,10,0,0.3699507368304051,-3.310907353716775,-9.40597533684831,0.409625
516,rgb,10,0,0.3699507368304051,-3.310907353716775,-9.429332612721733,0.222834
517,rgb,10,0,0.3699507368304051,-3.310907353716775,-9.41094159026306,0.319625
518,rgb,10,0,0.3699507368304051,-3.310907353716775,-9.410459518286185,0.224416
519,rgb,10,0,0.3699507368304051,-3.310907353716775,-9.420288439693646,0.181792
520,rgb,10,0,0.32495542895454577,-3.310257531312856,-9.439218960555987,0.220083
521,rgb,10,0,0.279990356738763,-3.30848488339817,-9.464180331530766,0.210125
522,rgb,9,0,0.23510073101384313,-3.305335041770943,-9.494831725808577,0.197417
523,rgb,11,0,0.1904930276891823,-3.2994060617491314,-9.556917279812293,0.376458
524,rgb,11,0,0.14734010462245087,-3.2866457627402226,-9.712284713837104,0.250292
525,rgb,10,0,0.10451408186834307,-3.272827956291128,-9.736882692056493,0.22525
526,rgb,8,0,0.10451408186834307,-3.272827956291128,-9.862631937342481,0.25525
527,rgb,11,0,0.10451408186834307,-3.272827956291128,-9.859862132782833,0.400958
528,rgb,11,0,0.06353536228689866,-3.2542337490892774,-9.850748300405936,0.17975
529,rgb,11,0,0.022408512669469513,-3.235969515173086,-9.842710562835233,0.164625
530,rgb,10,0,-0.018845839214087286,-3.217995131994026,-9.835673774446146,0.195959
531,rgb,9,0,-0.060173645602610855,-3.200190289419246,-9.831567793938117,0.226042
532,rgb,13,0,-0.10147391077609653,-3.18232165498346,-9.833111865998031,0.510375
533,rgb,13,0,-0.14285475452085902,-3.164640428471378,-9.828578603074671,0.232
534,rgb,13,0,-0.1843858256077142,-3.1473150097353533,-9.819995865777852,0.26775
535,rgb,13,0,-0.1843858256077142,-3.1473150097353533,-9.802911222533108,0.194542
536,rgb,13,0,-0.1843858256077142,-3.1473150097353533,-9.797730403107376,0.174625
537,rgb,13,0,-0.22640621118465684,-3.1312126125236004,-9.79072206895125,0.257583
538,rgb,13,0,-0.26858058976392846,-3.1155179703979488,-9.781036148399831,0.351333
539,rgb,13,0,-0.3107381558528248,-3.099778223847882,-9.782105836055958,0.256166
540,rgb,12,0,-0.3533940401984936,-3.085443806151689,-9.748969576291525,0.253208
541,rgb,7,0,-0.39760499464012156,-3.077053841469982,-9.61231904380747,0.247875
542,rgb,8,0,-0.44193436789439106,-3.0693139017490503,-9.59763616879263,0.384583
543,rgb,8,0,-0.44193436789439106,-3.0693139017490503,-9.635433090820694,0.434167
544,rgb,8,0,-0.44193436789439106,-3.0693139017490503,-9.765412447944069,0.35875
545,rgb,10,0,-0.44193436789439106,-3.0693139017490503,-9.811919057711744,0.379334
546,rgb,9,0,-0.48280883070815966,-3.0504916200147374,-9.856321057274723,0.245
547,rgb,11,0,-0.5234913363432065,-3.031257958500237,-9.86640912943312,0.488375
548,rgb,11,0,-0.5637358453342014,-3.0111239202546756,-9.888659785471642,0.197083
549,rgb,11,0,-0.603540051478997,-2.9901328465998427,-9.9100718134714,0.24575
550,rgb,11,0,-0.6435655003569835,-2.9695667715704235,-9.899424276284659,0.23575
551,rgb,11,0,-0.6837028774452875,-2.9492200037565595,-9.893952745914245,0.266
552,rgb,11,0,-0.7235514280557866,-2.9283132341772466,-9.907955024361396,0.175125
553,rgb,11,0,-0.7235514280557866,-2.9283132341772466,-9.958678342371964,0.214541
554,rgb,9,0,-0.7235514280557866,-2.9283132341772466,-10.018661476641679,0.238875
555,rgb,9,0,-0.7235514280557866,-2.9283132341772466,-10.076934743642592,0.369416
556,rgb,9,0,-0.7584394220728039,-2.8998909212265285,-10.10840214413383,0.315625
557,rgb,12,0,-0.7937399344139349,-2.8719826101265413,-10.093756080575073,0.3685
558,rgb,12,0,-0.8293388364400536,-2.844455928987421,-10.082990793481255,0.304333
559,rgb,11,0,-0.8293388364400536,-2.844455928987421,-10.089280023209536,0.215083
560,rgb,11,0,-0.8293388364400536,-2.844455928987421,-10.130907992802346,0.228125
561,rgb,10,0,-0.8293388364400536,-2.844455928987421,-10.164221062294924,0.182
562,rgb,10,0,-0.8621708050697279,-2.813681559198584,-10.177838441885793,0.200542
563,rgb,9,0,-0.8946768112233291,-2.782563082951473,-10.18837146737405,0.296583
564,rgb,10,0,-0.9266885837405461,-2.7509364103426455,-10.204124825976574,0.376834
565,rgb,10,0,-0.9590780472351716,-2.7196966495476214,-10.192109306312883,0.234375
566,rgb,9,0,-0.9917446758428272,-2.6887468292668912,-10.183195810735011,0.234375
567,rgb,9,0,-1.0247433723334685,-2.6581513062297124,-10.172404915995681,0.357834
568,rgb,12,0,-1.0577528259244924,-2.627567389318662,-10.172053258632328,0.382625
569,rgb,12,0,-1.091323035403327,-2.597600056511968,-10.153532093157079,0.281209
570,rgb,9,0,-1.1261350008180693,-2.5690846735763877,-10.11107273190191,0.285042
571,rgb,9,0,-1.1611930986150316,-2.540872446105686,-10.10239509376606,0.366583
572,rgb,8,0,-1.1611930986150316,-2.540872446105686,-10.118935392004456,0.389
573,reseed,4,0,-1.1611930986150316,-2.540872446105686,-10.118935392004456,0.476334
574,bootstrap,4,0,-1.1611930986150316,-2.540872446105686,-10.118935392004456,0.148583
575,rgb,9,0,-1.191585340344915,-2.507686430336505,-10.254090160829033,0.265
576,rgb,7,0,-1.191585340344915,-2.507686430336505,-10.342717707854714,0.351833
577,rgb,10,0,-1.191585340344915,-2.507686430336505,-10.351461990502681,0.334584
578,rgb,10,0,-1.191585340344915,-2.507686430336505,-10.33950307103714,0.176292
579,rgb,10,0,-1.2193368755108493,-2.4722625359157346,-10.331029592779483,0.1905
580,rgb,10,0,-1.247285735999157,-2.4369941194867946,-10.325446954228934,0.233208
581,rgb,10,0,-1.2753207080053877,-2.4017941145917683,-10.323002980788257,0.216958
582,rgb,10,0,-1.3034363087899992,-2.3666584775188424,-10.320710295577552,0.232791
583,rgb,10,0,-1.3316521399107417,-2.331603279984586,-10.317854359512236,0.238417
584,rgb,10,0,-1.3596759030406815,-2.2963943507188866,-10.323321374365147,0.2555
585,rgb,10,0,-1.3596759030406815,-2.2963943507188866,-10.368645748355444,0.216375
586,rgb,9,0,-1.3596759030406815,-2.2963943507188866,-10.441851040580328,0.326041
587,rgb,12,0,-1.3596759030406815,-2.2963943507188866,-10.506506158270891,0.38075
588,rgb,11,0,-1.3596759030406815,-2.2963943507188866,-10.538530191638525,0.186333
589,rgb,11,0,-1.3596759030406815,-2.2963943507188866,-10.549131375038083,0.208667
590,rgb,11,0,-1.379124151574349,-2.255813990580358,-10.548661825449923,0.19525
591,rgb,10,0,-1.3985831544454306,-2.2152387862399823,-10.548396795259574,0.190083
592,rgb,10,0,-1.4180852253116294,-2.1746842645200832,-10.547335088455835,0.196625
593,rgb,10,0,-1.437549951644681,-2.1341118055265813,-10.548255732369395,0.215834
594,rgb,10,0,-1.4570299056642835,-2.0935466555651407,-10.547880377794169,0.199709
595,rgb,9,0,-1.4741431974429566,-2.05192772664454,-10.60545864346113,0.345458
596,rgb,9,0,-1.4887671836929368,-2.0093702475584805,-10.664586380297802,0.453458
597,rgb,8,0,-1.4887671836929368,-2.0093702475584805,-10.775777965957783,0.49675
598,rgb,11,0,-1.4887671836929368,-2.0093702475584805,-10.858561963016651,0.366375
599,rgb,10,0,-1.4887671836929368,-2.0093702475584805,-10.850752903322242,0.206875
600,rgb,9,0,-1.4887671836929368,-2.0093702475584805,-10.852844478037692,0.167334
601,rgb,12,0,-1.4887671836929368,-2.0093702475584805,-10.849362499254308,0.357958
602,rgb,12,0,-1.4887671836929368,-2.0093702475584805,-10.848630069812312,0.15225
603,rgb,12,0,-1.4887671836929368,-2.0093702475584805,-10.84861067351903,0.144542
604,rgb,12,0,-1.4887671836929368,-2.0093702475584805,-10.848387659058968,0.254458
605,rgb,12,0,-1.4953118222806268,-1.9648487055169415,-10.849620226302246,0.271417
606,rgb,12,0,-1.5011378638821675,-1.9202274410877804,-10.865742254533867,0.241459
607,rgb,11,0,-1.505161478946388,-1.8754076851556585,-10.906041047998766,0.238792
608,rgb,11,0,-1.5077845279302202,-1.8304841989371066,-10.937251250722507,0.166625
609,rgb,11,0,-1.5077845279302202,-1.8304841989371066,-10.972991890736917,0.174375
610,rgb,11,0,-1.5077845279302202,-1.8304841989371066,-10.963402144142488,0.194917
611,rgb,11,0,-1.5077845279302202,-1.8304841989371066,-10.964132544931086,0.265167
612,rgb,11,0,-1.5077845279302202,-1.8304841989371066,-10.966112103659722,0.273917
613,rgb,11,0,-1.5077845279302202,-1.8304841989371066,-10.967200974116164,0.195334
614,rgb,11,0,-1.5090619295996663,-1.785502333202403,-10.967183770057996,0.221042
615,rgb,11,0,-1.5102256219428365,-1.7405173821617443,-10.969711574637582,0.184084
616,rgb,11,0,-1.5106359776615592,-1.6955192532208194,-10.98645514520376,0.161208
617,rgb,11,0,-1.5100649265733297,-1.6505228766927629,-11.008264652365138,0.197208
618,rgb,11,0,-1.5083439969772856,-1.60555579538515,-11.033826495432546,0.245917
619,rgb,11,0,-1.5066949590905558,-1.5605860202684327,-11.032227780581703,0.176
620,rgb,11,0,-1.5051078367359747,-1.5156140173929593,-11.030850989423012,0.182875
621,rgb,11,0,-1.5033317440361427,-1.4706490811123238,-11.035053268685257,0.211042
622,rgb,9,0,-1.5033317440361427,-1.4706490811123238,-11.098409958794033,0.23925
623,rgb,12,0,-1.5033317440361427,-1.4706490811123238,-11.164144397392189,0.398417
624,rgb,11,0,-1.5033317440361427,-1.4706490811123238,-11.209890425815498,0.240709
625,rgb,11,0,-1.5033317440361427,-1.4706490811123238,-11.21328027397885,0.207167
626,rgb,11,0,-1.5033317440361427,-1.4706490811123238,-11.200893564527174,0.181916
627,rgb,11,0,-1.5033317440361427,-1.4706490811123238,-11.195306870998134,0.176167
628,rgb,11,0,-1.4943174431604378,-1.426561187312299,-11.197256569545967,0.229125
629,rgb,11,0,-1.4853950366624353,-1.3824546043310204,-11.195172667065886,0.238875
630,rgb,11,0,-1.476522879576701,-1.3383378860867305,-11.194033525679512,0.276083
631,rgb,11,0,-1.4678361702865552,-1.294184278287271,-11.189831716735167,0.220708
632,rgb,10,0,-1.4678361702865552,-1.294184278287271,-11.137888164986176,0.246959
633,rgb,10,0,-1.4678361702865552,-1.294184278287271,-11.09593086110453,0.213167
634,rgb,10,0,-1.4678361702865552,-1.294184278287271,-11.096265383092938,0.160625
635,rgb,8,0,-1.4678361702865552,-1.294184278287271,-11.094031132553024,0.155584
636,rgb,11,0,-1.4678361702865552,-1.294184278287271,-11.112517691944046,0.337375
637,rgb,11,0,-1.4621931598807694,-1.2495394977014043,-11.121305524166925,0.156541
638,rgb,11,0,-1.4560637294125123,-1.2049588956178208,-11.132208592985076,0.190333
639,rgb,11,0,-1.449542130612985,-1.160433972831835,-11.14101087095241,0.186792
640,rgb,10,0,-1.4431029211679893,-1.1158970602567195,-11.139160710764369,0.193458
641,rgb,9,0,-1.43683955355759,-1.0713350784092186,-11.13521359991773,0.18725
642,rgb,11,0,-1.4328344356465685,-1.0265136657750902,-11.08469483387216,0.421166
643,rgb,9,0,-1.4291384313301603,-0.9816657053744979,-11.077800342259248,0.218458
644,rgb,7,0,-1.4291384313301603,-0.9816657053744979,-11.197053217706522,0.359917
645,rgb,8,0,-1.4291384313301603,-0.9816657053744979,-11.322446027216753,0.45675
646,rgb,10,0,-1.4291384313301603,-0.9816657053744979,-11.409300797996362,0.372916
647,rgb,9,0,-1.4291384313301603,-0.9816657053744979,-11.437354163644155,0.227208
648,rgb,11,0,-1.4291384313301603,-0.9816657053744979,-11.448208769229492,0.313291
649,rgb,11,0,-1.4291384313301603,-0.9816657053744979,-11.455648861737242,0.198041
650,rgb,11,0,-1.4089644302838584,-0.9414412143052028,-11.460449359291484,0.15625
651,rgb,11,0,-1.3884917312995486,-0.9013679239948497,-11.467889080667188,0.200917
652,rgb,11,0,-1.3681228895262674,-0.8612417444506291,-11.465299109607255,0.17675
653,rgb,11,0,-1.3479507607671182,-0.8210163144178213,-11.46040281388468,0.218
654,rgb,11,0,-1.32766356875735,-0.780848792209465,-11.463265332770785,0.225959
655,rgb,11,0,-1.32766356875735,-0.780848792209465,-11.510047219139775,0.228209
656,rgb,11,0,-1.32766356875735,-0.780848792209465,-11.53370677065595,0.185125
657,rgb,10,0,-1.32766356875735,-0.780848792209465,-11.585153264370998,0.186125
658,rgb,10,0,-1.32766356875735,-0.780848792209465,-11.582005943316286,0.176041
659,rgb,10,0,-1.3027621831833454,-0.7433665164448485,-11.58197198985999,0.240875
660,rgb,10,0,-1.277830474488901,-0.7059044035629598,-11.582781206382602,0.232875
661,rgb,10,0,-1.2528054359383893,-0.6685045714036385,-11.585274590909645,0.223125
662,rgb,10,0,-1.2266710621019343,-0.6318713282469589,-11.6152409881206,0.239875
663,rgb,10,0,-1.2006826399575863,-0.5951343997628414,-11.611262491237536,0.214583
664,rgb,10,0,-1.1749741301087946,-0.5582010473377693,-11.603663471792057,0.184
665,rgb,10,0,-1.1494401326794343,-0.5211468306374067,-11.598946136221453,0.172291
666,rgb,10,0,-1.1242433731699781,-0.4838624731905815,-11.589873172141775,0.209458
667,rgb,6,0,-1.1242433731699781,-0.4838624731905815,-11.566927270762786,0.235584
668,rgb,8,0,-1.1242433731699781,-0.4838624731905815,-11.64178226309286,0.438834
669,rgb,8,0,-1.1242433731699781,-0.4838624731905815,-11.685312749616966,0.450333
670,rgb,9,0,-1.1242433731699781,-0.4838624731905815,-11.730439295791253,0.490833
671,rgb,9,0,-1.0934434179527153,-0.4510545052770608,-11.749414337597951,0.385208
672,rgb,7,0,-1.0624384790308956,-0.4184401869114374,-11.755680796489283,0.361791
673,rgb,10,0,-1.0306595354420411,-0.38657957259883496,-11.779689118996426,0.366542
674,rgb,10,0,-0.9974595620551574,-0.35620257855547693,-11.825345852211282,0.348917
675,rgb,8,0,-0.9631904435485313,-0.32703705924278814,-11.8612539850028,0.257917
676,rgb,5,0,-0.9262795978514518,-0.301296245931504,-11.957406521573827,0.373291
677,rgb,8,0,-0.8876826130459371,-0.27816028336404486,-12.026374683514401,0.377458
678,rgb,9,0,-0.8475027794793392,-0.2578974855670848,-12.099286787942216,0.339875
679,rgb,10,0,-0.8475027794793392,-0.2578974855670848,-12.155179207012221,0.431583
680,rgb,9,0,-0.8475027794793392,-0.2578974855670848,-12.15234226713346,0.214292
681,rgb,11,0,-0.8475027794793392,-0.2578974855670848,-12.162043023653492,0.3695
682,rgb,11,0,-0.8475027794793392,-0.2578974855670848,-12.177793914251193,0.173667
683,rgb,11,0,-0.8057807424551876,-0.24103712891144663,-12.182324838623568,0.220833
684,rgb,11,0,-0.7636948330353734,-0.22510677335021706,-12.204517553359434,0.156875
685,rgb,11,0,-0.7214347108213558,-0.20964449439605595,-12.215616399221286,0.205417
686,rgb,11,0,-0.6787560472212294,-0.1953780416727177,-12.243771904878482,0.240084
687,rgb,10,0,-0.6356310651476393,-0.18252362915589943,-12.276682225786313,0.256375
688,rgb,10,0,-0.5917258729929904,-0.1726578244820093,-12.345335056804284,0.28425
689,rgb,10,0,-0.5472681209604062,-0.1656930355972505,-12.410972846470937,0.259
690,rgb,8,0,-0.5023552415643845,-0.16289423864884436,-12.504134958408937,0.254375
691,rgb,7,0,-0.457366605274122,-0.16188299943754095,-12.543896740101442,0.3775
692,rgb,10,0,-0.457366605274122,-0.16188299943754095,-12.607538675688371,0.36325
693,rgb,10,0,-0.457366605274122,-0.16188299943754095,-12.62934811393188,0.212083
694,rgb,10,0,-0.457366605274122,-0.16188299943754095,-12.62961454459855,0.263166
695,rgb,10,0,-0.457366605274122,-0.16188299943754095,-12.629706652430283,0.180583
696,rgb,10,0,-0.457366605274122,-0.16188299943754095,-12.629676576912058,0.192125
697,rgb,10,0,-0.457366605274122,-0.16188299943754095,-12.630341954446518,0.237167
698,rgb,10,0,-0.457366605274122,-0.16188299943754095,-12.630361805690878,0.242084
699,reseed,2,0,-0.457366605274122,-0.16188299943754095,-12.630361805690878,0.407791
700,bootstrap,2,0,-0.457366605274122,-0.16188299943754095,-12.630361805690878,0.199417
701,rgb,8,0,-0.457366605274122,-0.16188299943754095,-12.564300979508513,0.472917
702,rgb,12,0,-0.457366605274122,-0.16188299943754095,-12.510979774428957,0.459292
703,rgb,12,0,-0.457366605274122,-0.16188299943754095,-12.402636210455054,0.255833
704,rgb,12,0,-0.457366605274122,-0.16188299943754095,-12.388197411803954,0.288291
705,rgb,12,0,-0.41314660701175376,-0.1535408322325425,-12.379910543581897,0.2335
706,rgb,12,0,-0.3689367250032289,-0.1451452183304918,-12.378701751024888,0.237292
707,rgb,10,0,-0.32479323357187506,-0.13640724578246935,-12.370952031479643,0.23975
708,rgb,9,0,-0.28083137687125903,-0.126797086812166,-12.351153961287306,0.189208
709,rgb,10,0,-0.28083137687125903,-0.126797086812166,-12.340272499152885,0.373
710,rgb,10,0,-0.28083137687125903,-0.126797086812166,-12.330762379707263,0.192625
711,rgb,10,0,-0.28083137687125903,-0.126797086812166,-12.32393711562963,0.190292
712,rgb,10,0,-0.28083137687125903,-0.126797086812166,-12.323056959276979,0.245083
713,rgb,10,0,-0.2371679539802634,-0.11591106359695647,-12.322035102019978,0.1995
714,rgb,10,0,-0.19354592264551723,-0.10486034496736396,-12.318261386905757,0.251917
715,rgb,10,0,-0.14992706713831352,-0.09379709751276528,-12.317974163211144,0.259208
716,rgb,10,0,-0.10635745448949069,-0.08254148319672121,-12.313561502835906,0.245125
717,rgb,10,0,-0.06284563939042154,-0.07106446499579389,-12.308476528610296,0.179708
718,rgb,9,0,-0.06284563939042154,-0.07106446499579389,-12.303399934425212,0.246583
719,rgb,11,0,-0.06284563939042154,-0.07106446499579389,-12.296753335735954,0.430334
720,rgb,11,0,-0.04903431041797925,-0.06698927272855343,-12.279450634486235,0.276291
721,rgb,11,0,-0.005910410658944439,-0.05413122973699687,-12.276598039773486,0.46675
722,rgb,10,0,0.03710796115952761,-0.04092442519964984,-12.268500745986781,3.856
723,rgb,10,0,0.03710796115952761,-0.04092442519964984,-12.22361169079431,0.490416
724,rgb,10,0,0.03710796115952761,-0.04092442519964984,-12.198534806017957,0.4605
725,rgb,10,0,0.03710796115952761,-0.04092442519964984,-12.191836374105147,0.41075
726,rgb,10,0,0.07900109737707675,-0.02449380932994272,-12.192603762544419,0.346458
727,rgb,10,0,0.12059068295417812,-0.007309328787169195,-12.174543877415086,0.210584
728,rgb,10,0,0.16108106302370342,0.012325566726313623,-12.114853614292766,0.269375
729,rgb,10,0,0.20057195386644655,0.03390030984057911,-12.066355576090242,0.305083
730,rgb,7,0,0.2380848807333579,0.05875549678169384,-11.981204954258825,0.256709
731,rgb,10,0,0.27495426629295544,0.08455565973578656,-11.955797699562932,0.566
732,rgb,9,0,0.31026529492655897,0.11245066389131289,-11.897769400201465,0.282708
733,rgb,9,0,0.34527174924792264,0.1407269464589751,-11.886925022400643,0.381417
734,rgb,8,0,0.3794966903385636,0.1699442941712873,-11.859740616105224,0.326542
735,rgb,7,0,0.413517943821503,0.1993985690978508,-11.852797334830935,0.306958
736,rgb,7,0,0.413517943821503,0.1993985690978508,-11.827379651184852,0.356584
737,rgb,8,0,0.413517943821503,0.1993985690978508,-11.81595562938946,0.3515
738,rgb,8,0,0.44579728523970374,0.23075210346970798,-11.795520618375118,0.379625
739,rgb,11,0,0.4777539856905597,0.26243442182386667,-11.785283963013168,0.425042
740,rgb,11,0,0.5089289426116396,0.2948862640053025,-11.760906788337703,0.27475
741,rgb,11,0,0.5398166425811249,0.3276116362811843,-11.752092202011223,0.2135
742,rgb,11,0,0.5697090125627373,0.3612486132095945,-11.72209762297916,0.216541
743,rgb,8,0,0.5697090125627373,0.3612486132095945,-11.681850894171472,0.240583
744,rgb,7,0,0.5697090125627373,0.3612486132095945,-11.640803000706907,0.466416
745,rgb,7,0,0.5697090125627373,0.3612486132095945,-11.608309796828504,0.414792
746,rgb,7,0,0.5697090125627373,0.3612486132095945,-11.592481714490528,0.353833
747,rgb,8,0,0.5697090125627373,0.3612486132095945,-11.579953672181542,0.428416
748,rgb,7,0,0.5697090125627373,0.3612486132095945,-11.583545867403696,0.374291
749,rgb,9,0,0.5697090125627373,0.3612486132095945,-11.58732929621237,0.368708
750,rgb,10,0,0.5947798566132556,0.39861775527352994,-11.586499844960596,0.349458
751,rgb,10,0,0.6199123951639054,0.4359454327528496,-11.588151708760957,0.23475
752,rgb,10,0,0.6463344647959971,0.47237171771792524,-11.623116601774196,0.273875
753,rgb,10,0,0.6738826506511523,0.5079539809411918,-11.654391345152359,0.212041
754,rgb,10,0,0.704532550913367,0.5409021768541138,-11.744850364098053,0.271083
755,rgb,8,0,0.736982213361416,0.5720794026288307,-11.800968196758728,0.248292
756,rgb,6,0,0.736982213361416,0.5720794026288307,-11.778647045189242,0.366667
757,rgb,8,0,0.736982213361416,0.5720794026288307,-11.757263232538204,0.333166
758,rgb,9,0,0.736982213361416,0.5720794026288307,-11.713073134937982,0.407583
759,rgb,9,0,0.736982213361416,0.5720794026288307,-11.682763763287763,0.4165
760,rgb,9,0,0.7655473940650598,0.6068505178161263,-11.683300376745134,0.353
761,rgb,9,0,0.7940595068003893,0.6416651616799929,-11.681775123338408,0.356584
762,rgb,9,0,0.8225300162480148,0.6765138358555288,-11.680580713312334,0.317541
763,rgb,9,0,0.8507281650969463,0.7115832584554734,-11.672789905677742,0.33075
764,rgb,9,0,0.8789547676788115,0.7466297833429061,-11.673601525070804,0.297041
765,rgb,9,0,0.9056170801157294,0.7828805915479128,-11.629727816375631,0.4385
766,rgb,11,0,0.9275701088450938,0.8221624516058034,-11.505193730982679,0.395209
767,rgb,9,0,0.9275701088450938,0.8221624516058034,-11.486680708992022,0.226667
768,rgb,11,0,0.9275701088450938,0.8221624516058034,-11.474911986085313,0.352542
769,rgb,9,0,0.9456887071847846,0.8633536690459926,-11.40996853092565,0.221625
770,rgb,10,0,0.9610522116672984,0.9056498004295574,-11.343992201777834,0.351292
771,rgb,10,0,0.9736349793873453,0.9488548227823274,-11.278969524594682,0.282125
772,rgb,9,0,0.9834116619402694,0.992779946325231,-11.214580429884332,0.171709
773,rgb,9,0,0.9834116619402694,0.992779946325231,-11.182212019505638,0.352959
774,rgb,11,0,0.9834116619402694,0.992779946325231,-11.165953140872258,0.352667
775,rgb,10,0,0.9908427443828023,1.0371621388548062,-11.161469344216126,0.192875
776,rgb,10,0,0.9981493823971781,1.081564988323358,-11.158666071415606,0.215959
777,rgb,10,0,1.0052750650823035,1.125997236142604,-11.154592116762611,0.205
778,rgb,10,0,1.0121592744211332,1.170467537038586,-11.149159814630362,0.215041
779,rgb,10,0,1.0189414850972878,1.2149535080670377,-11.14686658413029,0.224375
780,rgb,10,0,1.0238057854930926,1.2596898309116722,-11.10388147638059,0.2285
781,rgb,10,0,1.0253622397664717,1.3046629056352763,-11.030169060387376,0.202833
782,rgb,9,0,1.0253622397664717,1.3046629056352763,-10.963312981583837,0.201292
783,rgb,9,0,1.0253622397664717,1.3046629056352763,-10.828113226153615,0.4325
784,rgb,10,0,1.0253622397664717,1.3046629056352763,-10.819528888844612,0.4
785,rgb,9,0,1.0253622397664717,1.3046629056352763,-10.844782013379696,0.248375
786,rgb,9,0,1.0253622397664717,1.3046629056352763,-10.864352958210471,0.417459
787,rgb,10,0,1.0253622397664717,1.3046629056352763,-10.873748228818837,0.339917
788,rgb,10,0,1.019903784888544,1.3493306263107891,-10.873975849003724,0.203209
789,rgb,10,0,1.0143918448130558,1.3939917785194393,-10.872778359559558,0.158792
790,rgb,10,0,1.00875071686087,1.4386367970033314,-10.869885215993232,0.165209
791,rgb,10,0,1.0028906185928532,1.483253601553738,-10.864978977936513,0.206541
792,rgb,9,0,0.9959841071686009,1.5277204442564383,-10.841487235847122,0.240041
793,rgb,6,0,0.9887456365771143,1.5721344571746174,-10.834017514242984,0.388667
794,rgb,5,0,0.9785964385863684,1.6159750066709986,-10.768079332067824,0.375959
795,rgb,8,0,0.9785964385863684,1.6159750066709986,-10.662580340161181,0.378791
796,rgb,9,0,0.9785964385863684,1.6159750066709986,-10.634605240999914,0.335291
797,rgb,7,0,0.9785964385863684,1.6159750066709986,-10.616501125498868,0.363958
798,rgb,9,0,0.9617022986809469,1.6576833755776825,-10.610718657254434,0.353708
799,rgb,9,0,0.9446183593338082,1.6993143618305122,-10.606163807670779,0.375459
800,rgb,8,0,0.92723005792443,1.7408191443753782,-10.598841791964329,0.471542
801,rgb,9,0,0.909675679966582,1.7822539584151809,-10.594837038303918,0.484333
802,rgb,9,0,0.8918206393310913,1.8235601023153922,-10.587569504502422,0.414
803,rgb,7,0,0.873687151701087,1.8647447672572426,-10.58081854785905,0.420541
804,rgb,9,0,0.8551519653518842,1.9057502164926836,-10.571043758644915,0.434333
805,rgb,10,0,0.8360739068866558,1.9465059238868305,-10.557764491058148,0.332833
806,rgb,10,0,0.816533323637345,1.9870419030445707,-10.546385226763046,0.253
807,rgb,9,0,0.7957804083142579,2.0269707961621215,-10.51625430583135,0.210459
808,rgb,11,0,0.7740981737505976,2.066402771820544,-10.492835288859165,0.484792
809,rgb,11,0,0.7740981737505976,2.066402771820544,-10.479637101284421,0.265083
810,rgb,11,0,0.7740981737505976,2.066402771820544,-10.452389093107737,0.328458
811,rgb,11,0,0.7740981737505976,2.066402771820544,-10.40483576244787,0.28325
812,rgb,9,0,0.7740981737505976,2.066402771820544,-10.40624479261805,0.203917
813,rgb,10,0,0.7740981737505976,2.066402771820544,-10.435284043304815,0.444458
814,rgb,10,0,0.7740981737505976,2.066402771820544,-10.484809367560043,0.213792
815,rgb,9,0,0.7740981737505976,2.066402771820544,-10.511970619313612,0.247917
816,rgb,10,0,0.753278402427788,2.106296845591794,-10.514579199362739,0.335292
817,rgb,10,0,0.7324658450546866,2.1461946833225705,-10.514760018434568,0.191791
818,rgb,9,0,0.7117389244217543,2.1861370763539867,-10.51690522033368,0.219125
819,rgb,9,0,0.6905350734506286,2.225828343705815,-10.504927254390164,0.374208
820,rgb,9,0,0.6905350734506286,2.225828343705815,-10.498080638345524,0.400125
821,rgb,10,0,0.6905350734506286,2.225828343705815,-10.450906706150814,0.373542
822,rgb,10,0,0.6905350734506286,2.225828343705815,-10.425145170759603,0.23575
823,rgb,9,0,0.6905350734506286,2.225828343705815,-10.374462901722833,0.197458
824,rgb,11,0,0.6641063646410534,2.262249811971917,-10.367849697932794,0.397041
825,rgb,10,0,0.6360210161081751,2.2974096356032545,-10.32157101260145,0.239875
826,rgb,10,0,0.6077531601268205,2.332422894780563,-10.3163693874294,0.192917
827,rgb,10,0,0.5790927327086853,2.3671155438608773,-10.305105857659324,0.194125
828,rgb,10,0,0.5499883057439335,2.4014365626548093,-10.29223903186266,0.19625
829,rgb,10,0,0.5193089832004382,2.4343573641072678,-10.245404853593751,0.207958
830,rgb,8,0,0.48506586305844196,2.463553403615064,-10.130785531472608,0.236125
831,rgb,8,0,0.44616247012012783,2.4861703445639884,-9.951380050849362,0.457458
832,rgb,8,0,0.4047831046327377,2.5038550303644485,-9.828662200939103,0.367708
833,rgb,10,0,0.4047831046327377,2.5038550303644485,-9.701950638663217,0.411875
834,rgb,10,0,0.4047831046327377,2.5038550303644485,-9.668562113415643,0.196375
835,rgb,9,0,0.4047831046327377,2.5038550303644485,-9.676079623975053,0.2
836,rgb,11,0,0.4047831046327377,2.5038550303644485,-9.699323516912951,0.403292
837,rgb,11,0,0.4047831046327377,2.5038550303644485,-9.698736819314032,0.271333
838,rgb,11,0,0.4047831046327377,2.5038550303644485,-9.698973703393673,0.249583
839,rgb,11,0,0.3614652535761777,2.5160437046090776,-9.699063681792719,0.168125
840,rgb,11,0,0.3182013065956538,2.528422351209834,-9.703451949432743,0.1675
841,rgb,11,0,0.2750268753502462,2.5411096868889897,-9.710594326984388,0.20475
842,reseed,0,0,0.2750268753502462,2.5411096868889897,-9.710594326984388,0.346083
843,bootstrap,0,0,0.2750268753502462,2.5411096868889897,-9.710594326984388,0.151625
844,rgb,8,0,0.23168084533954697,2.553197767063755,-9.696742206607265,0.201458
845,rgb,10,0,0.18853512567714265,2.5659824013883346,-9.71284869292776,0.449291
846,rgb,9,0,0.14518253762062486,2.5780469406999647,-9.696199156139297,0.210333
847,rgb,9,0,0.10151855728343237,2.588930727775853,-9.6690622603337,0.369875
848,rgb,8,0,0.05738712275501646,2.597729391678068,-9.621571596507234,0.360083
849,rgb,11,0,0.012738485128469042,2.6033418027547137,-9.549823831562204,0.389791
850,rgb,9,0,0.012738485128469042,2.6033418027547137,-9.422994252089662,0.259
851,rgb,10,0,0.012738485128469042,2.6033418027547137,-9.410863623749716,0.353791
852,rgb,10,0,0.012738485128469042,2.6033418027547137,-9.388084682431323,0.2475
853,rgb,10,0,0.012738485128469042,2.6033418027547137,-9.360449743252499,0.251375
854,rgb,9,0,0.012738485128469042,2.6033418027547137,-9.31923693118642,0.203834
855,rgb,11,0,0.012738485128469042,2.6033418027547137,-9.286937904339535,0.373708
856,rgb,11,0,0.012738485128469042,2.6033418027547137,-9.273540476132435,0.210333
857,rgb,11,0,-0.03167905845608151,2.5961250291047677,-9.263709683697922,0.17975
858,rgb,10,0,-0.07587321084098247,2.5876470048667657,-9.23524469582389,0.276041
859,rgb,9,0,-0.11944847058342001,2.576413272700691,-9.172471050899727,0.26025
860,rgb,9,0,-0.1625029700299222,2.5633247251337856,-9.129655924421055,0.46625
861,rgb,8,0,-0.2054144993949255,2.5497747934898083,-9.118921925109131,0.32175
862,rgb,7,0,-0.2054144993949255,2.5497747934898083,-9.099730086308224,0.308167
863,rgb,7,0,-0.2054144993949255,2.5497747934898083,-9.088973052595062,0.396417
864,rgb,11,0,-0.2054144993949255,2.5497747934898083,-9.082230312079442,0.367583
865,rgb,11,0,-0.2054144993949255,2.5497747934898083,-9.063655036762608,0.197875
866,rgb,11,0,-0.2471181852273782,2.532869096580539,-9.039645224139345,0.260125
867,rgb,11,0,-0.2888241447930671,2.5159690096959952,-9.039779741548951,0.201584
868,rgb,11,0,-0.3304533875432337,2.498880822312668,-9.035265438490566,0.230167
869,rgb,11,0,-0.3718581594778791,2.48125570214173,-9.022332779363747,0.271917
870,rgb,11,0,-0.41311706496525863,2.4632917738969535,-9.0141355593214,0.294792
871,rgb,11,0,-0.45420800359687075,2.4449468900768503,-9.004883499116655,0.25075
872,rgb,11,0,-0.49510278649963896,2.426168798285205,-8.994315709219332,0.300834
873,rgb,11,0,-0.5356760672729827,2.406705784970525,-8.977501626358386,0.274542
874,rgb,11,0,-0.5761209530833445,2.38697734834248,-8.970949457258936,0.177333
875,rgb,11,0,-0.6163285117019488,2.366769621356708,-8.959064269670304,0.204166
876,rgb,11,0,-0.6563481303528197,2.346192203563436,-8.949848235816713,0.266709
877,rgb,10,0,-0.6563481303528197,2.346192203563436,-8.928973409579154,0.301333
878,rgb,9,0,-0.6563481303528197,2.346192203563436,-8.917232858249005,0.260375
879,rgb,11,0,-0.6563481303528197,2.346192203563436,-8.93863155529743,0.36875
880,rgb,10,0,-0.6563481303528197,2.346192203563436,-9.022761194267328,0.224625
881,rgb,10,0,-0.6563481303528197,2.346192203563436,-9.017356635303255,0.170875
882,rgb,10,0,-0.697648799158542,2.3283245020828307,-9.016466644999124,0.186709
883,rgb,10,0,-0.738833031347493,2.3101900316189163,-9.00999835686434,0.202042
884,rgb,10,0,-0.7799300801605533,2.291858840199455,-9.005216696240492,0.182917
885,rgb,10,0,-0.821014065587627,2.2734983897303627,-9.004504632960558,0.1605
886,rgb,9,0,-0.8620507190089816,2.2550323918971658,-9.001934090220853,0.223334
887,rgb,8,0,-0.9029551974749263,2.2362754294184204,-8.994832322990074,0.397958
888,rgb,10,0,-0.9029551974749263,2.2362754294184204,-8.977448000629916,0.4275
889,rgb,10,0,-0.9029551974749263,2.2362754294184204,-8.969736550060585,0.222833
890,rgb,9,0,-0.9029551974749263,2.2362754294184204,-8.95835043681927,0.205875
891,rgb,10,0,-0.9029551974749263,2.2362754294184204,-8.96315957192473,0.38775
892,rgb,10,0,-0.9029551974749263,2.2362754294184204,-9.007393545994088,0.202292
893,rgb,10,0,-0.9029551974749263,2.2362754294184204,-9.01744341436915,0.207958
894,rgb,10,0,-0.9029551974749263,2.2362754294184204,-9.015980513008795,0.188459
895,rgb,10,0,-0.9440579423758312,2.2179570135040696,-9.005527536558471,0.202333
896,rgb,10,0,-0.9845386375717067,2.198302158723161,-8.972767963247858,0.188417
897,rgb,9,0,-1.0233742678288054,2.175569059010761,-8.8951874442273,0.206375
898,rgb,8,0,-1.0601511321384505,2.1496371818795166,-8.810628107922636,0.404333
899,rgb,9,0,-1.0958061038201803,2.1221831658823067,-8.768604739742837,0.362166
900,rgb,9,0,-1.1290473004357076,2.091851287477436,-8.685111261146627,0.425625
901,rgb,11,0,-1.1290473004357076,2.091851287477436,-8.634668111043535,0.32225
902,rgb,9,0,-1.1290473004357076,2.091851287477436,-8.527606575923524,0.306375
903,rgb,9,0,-1.1290473004357076,2.091851287477436,-8.516421153383813,0.354333
904,rgb,8,0,-1.1290473004357076,2.091851287477436,-8.512961808067299,0.371167
905,rgb,10,0,-1.1290473004357076,2.091851287477436,-8.508999322947599,0.396375
906,rgb,10,0,-1.1564390167478007,2.056148432164761,-8.50840873486504,0.188709
907,rgb,10,0,-1.1837163059430875,2.02035807740043,-8.505207675100788,0.161167
908,rgb,10,0,-1.2108320036001483,1.9844451418399545,-8.500700454750582,0.158792
909,rgb,10,0,-1.2374520999822012,1.9481633217559204,-8.486971105971858,0.201042
910,rgb,10,0,-1.263826054705601,1.911702184743369,-8.480203695652559,0.187458
911,rgb,10,0,-1.2896466187976994,1.8748470837400366,-8.465107991417423,0.192709
912,rgb,10,0,-1.3154671827855666,1.8379919826636801,-8.465107988589288,0.177709
913,rgb,9,0,-1.340485037522319,1.800587344657535,-8.443489868216993,0.300458
914,rgb,11,0,-1.3650744423073888,1.7628996653403364,-8.432078706123711,0.388833
915,rgb,10,0,-1.38547238016729,1.7227882688168592,-8.324431704380395,0.216542
916,rgb,8,0,-1.4043965530285492,1.6819608799520642,-8.288018947490336,0.246042
917,rgb,14,0,-1.4179809654433742,1.6390602536239562,-8.160641303309085,0.464375
918,rgb,13,0,-1.4179809654433742,1.6390602536239562,-8.057705802866103,0.250875
919,rgb,12,0,-1.4179809654433742,1.6390602536239562,-7.958332946547152,0.261209
920,rgb,11,0,-1.4179809654433742,1.6390602536239562,-7.915866630174996,0.248083
921,rgb,11,0,-1.4179809654433742,1.6390602536239562,-7.913971907249497,0.190625
922,rgb,11,0,-1.4179809654433742,1.6390602536239562,-7.913842888761273,0.232833
923,rgb,11,0,-1.4179809654433742,1.6390602536239562,-7.913992197828911,0.192042
924,rgb,11,0,-1.4179809654433742,1.6390602536239562,-7.915128153626419,0.187416
925,reseed,4,0,-1.4179809654433742,1.6390602536239562,-7.915128153626419,0.402625
926,bootstrap,4,0,-1.4179809654433742,1.6390602536239562,-7.915128153626419,0.163667
927,rgb,12,0,-1.4195486533709571,1.5940875690858758,-7.8888261940969,0.181042
928,rgb,12,0,-1.419750421597403,1.5490880214261182,-7.85846538736353,0.194292
929,rgb,12,0,-1.4185243849474163,1.5041047263696987,-7.826733003248073,0.195
930,rgb,11,0,-1.4122753612500574,1.4595407307809967,-7.7146642011297715,0.211875
931,rgb,9,0,-1.4122753612500574,1.4595407307809967,-7.639604615856506,0.217292
932,rgb,9,0,-1.4024307269032814,1.415630786866454,-7.633428233087606,0.368125
933,rgb,8,0,-1.3925201097721844,1.3717356884147953,-7.631925294984676,0.347333
934,rgb,9,0,-1.382640997166876,1.3278334887645313,-7.632642959995273,0.30325
935,rgb,9,0,-1.3718077880289448,1.284156932355242,-7.610855512140397,0.3145
936,rgb,9,0,-1.3555921287621255,1.2421801245378006,-7.485340721724633,0.396166
937,rgb,8,0,-1.332465207245336,1.2035777217478671,-7.314219929097298,0.456291
938,rgb,11,0,-1.3072010585837246,1.16633899469653,-7.257874205527905,0.414
939,rgb,10,0,-1.2787573863212438,1.1314684124211423,-7.169745072541836,0.211542
940,rgb,8,0,-1.2787573863212438,1.1314684124211423,-7.154593759967092,0.188875
941,rgb,8,0,-1.2787573863212438,1.1314684124211423,-7.189293002529148,0.358792
942,rgb,11,0,-1.2787573863212438,1.1314684124211423,-7.281466400070194,0.412709
943,rgb,10,0,-1.2787573863212438,1.1314684124211423,-7.326129497779611,0.227708
944,rgb,10,0,-1.2787573863212438,1.1314684124211423,-7.362557662470344,0.176917
945,reseed,4,0,-1.2787573863212438,1.1314684124211423,-7.362557662470344,0.366167
946,bootstrap,4,0,-1.2787573863212438,1.1314684124211423,-7.362557662470344,0.152833
947,rgb,11,0,-1.2586813116879736,1.0952619043415255,-7.347699264815155,0.276292
948,rgb,11,0,-1.2365936517060618,1.056055587547883,-7.340931581618342,0.1915
949,rgb,11,0,-1.2143282444254426,1.016949940402897,-7.336392122140232,0.1595
950,rgb,10,0,-1.191794568619576,0.9779982593778617,-7.329518521023992,0.204042
951,rgb,10,0,-1.1686771830608007,0.9393901451409952,-7.314466940989796,0.205375
952,rgb,10,0,-1.1454354351353833,0.9022652053649989,-7.294633823266331,0.364041
953,rgb,10,0,-1.121688109889417,0.865461611197278,-7.280956575466398,0.193958
954,rgb,10,0,-1.0977066831162037,0.8288101286908226,-7.274582591658536,0.264125
955,rgb,10,0,-1.073630689791773,0.7922206965355955,-7.272000250924457,0.315416
956,rgb,10,0,-1.0512656359299335,0.7632489108509501,-7.196573746908534,0.255208
957,rgb,8,0,-1.0272240261001826,0.7356525162169762,-7.137315509427417,0.213667
958,rgb,6,0,-1.000374031848602,0.7107800855217247,-7.030367923487056,0.501916
959,rgb,8,0,-1.000374031848602,0.7107800855217247,-6.871807051409114,0.412125
960,rgb,8,0,-1.000374031848602,0.7107800855217247,-6.813469947833646,0.355167
961,rgb,8,0,-1.000374031848602,0.7107800855217247,-6.80962537839644,0.342083
962,rgb,7,0,-1.000374031848602,0.7107800855217247,-6.875983013358045,0.351958
963,rgb,9,0,-1.0130882861008312,0.7198193188304558,-6.901224311959076,0.336875
964,rgb,9,0,-1.0014870757576488,0.7112886729830865,-6.917227279912758,0.353958
965,rgb,11,0,-0.9656389113103445,0.6840874026862965,-6.932289057929147,0.397959
966,rgb,11,0,-0.9308425729654265,0.6555529526690631,-6.97002791758262,0.205959
967,rgb,9,0,-0.8975883384966697,0.6252353688290381,-7.022422065544951,0.253208
968,rgb,9,0,-0.8655556146450337,0.5936299167258831,-7.061869492340911,0.344834
969,rgb,9,0,-0.8349568573141738,0.5606342192820171,-7.1062566615232114,0.375917
970,rgb,8,0,-0.808977033946942,0.5238912093643819,-7.238527474511493,0.37325
971,rgb,8,0,-0.7827346081195558,0.4873352921047353,-7.23136225813635,0.428458
972,rgb,10,0,-0.75721387081437,0.45027194137386234,-7.250967598572451,0.46775
973,rgb,8,0,-0.75721387081437,0.45027194137386234,-7.365549198404032,0.230666
974,rgb,6,0,-0.7732367874392162,0.48450797710864374,-7.416249315306622,0.405291
975,rgb,7,0,-0.7732367874392162,0.48450797710864374,-7.4002115885318105,0.466125
976,rgb,8,0,-0.7732367874392162,0.48450797710864374,-7.314629376918155,0.416292
977,rgb,9,0,-0.7772782776974867,0.49046669815365873,-7.258004025608379,0.406375
978,rgb,9,0,-0.7821097798504382,0.4973381308242177,-7.24115889431544,0.494833
979,rgb,10,0,-0.7821097798504382,0.4973381308242177,-7.241011467596245,0.477875
980,rgb,10,0,-0.7745301291173105,0.48653123974658596,-7.242335462311011,0.26575
981,rgb,10,0,-0.7669435980647524,0.47572917760139477,-7.241698659673993,0.237916
982,rgb,10,0,-0.757614819766569,0.4624847865069223,-7.240337554665011,0.208875
983,rgb,10,0,-0.7482046959847394,0.4492980670357784,-7.234182291032475,0.194708
984,rgb,10,0,-0.7352120856635456,0.43129717602889744,-7.228789942173016,0.177667
985,rgb,10,0,-0.7200588935868348,0.41041606566842304,-7.226221971979093,0.26
986,rgb,10,0,-0.7047769686998409,0.3896289838205957,-7.220043042974275,0.168875
987,rgb,10,0,-0.6894106666594746,0.368904197655131,-7.2159778422878205,0.155208
988,rgb,10,0,-0.67396301596198,0.34823997524226974,-7.212046916896206,0.224167
989,rgb,10,0,-0.6582396291854412,0.32778477765643926,-7.198635640853745,0.182
990,rgb,10,0,-0.6414449464501123,0.3081996140926687,-7.145137599969011,0.237
991,rgb,8,0,-0.6229159938347468,0.2902463994786354,-7.052803426349264,0.225959
992,rgb,7,0,-0.6039315338873003,0.2727755586143897,-7.027087441945177,0.449375
993,rgb,8,0,-0.5853720025580101,0.2548539572116942,-7.051098681354624,0.417958
994,rgb,7,0,-0.5705883519754917,0.23829244534067218,-7.125241606795889,0.408833
995,rgb,7,0,-0.5562568694826747,0.2213381358720421,-7.15222233656953,0.435791
996,rgb,8,0,-0.5418682893887043,0.20443225633622975,-7.148849789119986,0.351459
997,rgb,7,0,-0.5232001544050896,0.18662381069284076,-7.045019578255442,0.463791
998,rgb,10,0,-0.504153176511425,0.16922114902520352,-7.023502033270624,0.376458
999,rgb,10,0,-0.4876662595447071,0.15435435485387833,-7.016956945016709,0.203833
1000,rgb,10,0,-0.46837572505244723,0.13722206723654792,-7.00939733262333,0.195416
1001,rgb,10,0,-0.44800221742555546,0.12139297418050135,-6.943709326043454,0.277458
1002,rgb,8,0,-0.42967153643873335,0.10886995000263763,-6.8825284066346555,0.315708
1003,rgb,11,0,-0.40810546001943143,0.09470858185274375,-6.864221331730214,0.39625
1004,rgb,11,0,-0.3862014317256329,0.08107577053209258,-6.839904354020682,0.184875
1005,rgb,10,0,-0.3639432532151211,0.06802918134586503,-6.813357324406233,0.1655
1006,rgb,7,0,-0.3432475218038677,0.059996329962124686,-6.653426350161162,0.241125
1007,rgb,11,0,-0.3224896094213671,0.05212555658713614,-6.645606666870144,0.348709
1008,rgb,11,0,-0.301374151784614,0.04527154690006359,-6.59705246991637,0.206958
1009,rgb,10,0,-0.2799786011710082,0.03934951904293283,-6.553212881155041,0.217791
1010,rgb,10,0,-0.2585185383099732,0.03366570852529367,-6.542095789752629,0.1905
1011,rgb,10,0,-0.23697885364051477,0.028291512367699653,-6.527695286154476,0.229875
1012,rgb,10,0,-0.2154156587223587,0.023012438119158683,-6.523281578507003,0.204625
1013,rgb,10,0,-0.19374457361749423,0.018195377773084494,-6.501909819032726,0.274375
1014,rgb,10,0,-0.16825938861246395,0.01417725068955672,-6.439563233937797,0.208542
1015,rgb,10,0,-0.14274019157592654,0.010381123372094936,-6.430858163695511,0.32275
1016,rgb,10,0,-0.11719045203373941,0.006796320821549243,-6.422582151900706,0.265666
1017,rgb,10,0,-0.09162194839348167,0.003347897761928177,-6.417246320351687,0.246875
1018,rgb,10,0,-0.06602902079356535,8.568120482455206e-05,-6.409967177614298,0.224625
1019,rgb,10,0,-0.04038335346432448,-0.0027320745045845193,-6.392618938415971,0.265
1020,rgb,10,0,-0.018247566709627093,-0.004419363676766871,-6.359262689083543,0.258708
1021,rgb,10,0,0.00390188634411745,-0.005916604278663115,-6.350679811157015,0.221583
1022,rgb,10,0,0.026068040328794596,-0.007142009324997424,-6.338411801561442,0.239292
1023,rgb,10,0,0.048236652724239576,-0.00832210443155586,-6.336367810910296,0.246042
1024,rgb,10,0,0.07041452095260604,-0.00931314471591018,-6.327841602099788,0.222958
1025,rgb,10,0,0.09259511583074181,-0.01024115918347917,-6.324999944839355,0.270083
1026,rgb,10,0,0.11478127190413186,-0.011025046093165772,-6.318502869989452,0.235542
1027,rgb,10,0,0.1369707613287427,-0.011708097390715523,-6.313958240274069,0.172625
1028,rgb,10,0,0.15916637594963468,-0.012149336102578309,-6.303062233675,0.193333
1029,rgb,8,0,0.18136478705799378,-0.012414937804905867,-6.295149633262035,0.189583
1030,rgb,9,0,0.20355387414667137,-0.01171893911878505,-6.251828876856443,0.42375
1031,rgb,7,0,0.22929510948041018,-0.0099785933218022,-6.215678782734749,0.3265
1032,rgb,8,0,0.2548483939662659,-0.0064191478614917105,-6.144780853364345,0.383292
1033,rgb,8,0,0.279940790256807,-0.000418177240130547,-6.048439511630413,0.333583
1034,rgb,8,0,0.30495510861152486,0.005900357182409786,-6.035764182518896,0.397458
1035,rgb,9,0,0.32989961390992373,0.012489109372176026,-6.024946668717739,0.330042
1036,rgb,9,0,0.35472215020627906,0.01952343178560868,-6.007040910023925,0.426125
1037,rgb,10,0,0.3787110026514068,0.029019481404575977,-5.906259379882094,0.452167
1038,rgb,10,0,0.4022296464853122,0.039626714418604866,-5.859488620955226,0.19525
1039,rgb,10,0,0.42433175140625806,0.050427499485603426,-5.828637253094193,0.259417
1040,rgb,10,0,0.4467225200860518,0.060616389411791045,-5.856140829223868,0.220625
1041,rgb,10,0,0.46949244427807585,0.06992716554965821,-5.895024340200898,0.238916
1042,rgb,10,0,0.4921952897085773,0.07940032813449541,-5.887882230404493,0.184625
1043,rgb,10,0,0.514828410946652,0.08903888731222595,-5.880585778105733,0.164209
1044,rgb,10,0,0.5387679029019409,0.09865869629799374,-5.901095041606304,0.235208
1045,rgb,10,0,0.5631617012210539,0.10706004164064212,-5.951503594938394,0.170416
1046,rgb,10,0,0.5876525312061014,0.11517418032835873,-5.963253846924481,0.246625
1047,rgb,10,0,0.6121915909893397,0.1231412717019187,-5.969252101212469,0.220667
1048,rgb,9,0,0.636933085525755,0.130455535034923,-5.995744898050752,0.21525
1049,rgb,10,0,0.661634695674797,0.1379033841234011,-5.990341296020624,0.450292
1050,rgb,10,0,0.6851298582761572,0.14519292007129556,-5.982345291945812,0.193583
1051,rgb,10,0,0.7085741986970191,0.15264428922271614,-5.975449924424019,0.239
1052,rgb,10,0,0.7330381232274513,0.16083918986697743,-5.959954396888342,0.242458
1053,rgb,10,0,0.7574095174332082,0.169305307304599,-5.948847107656029,0.171
1054,rgb,10,0,0.7805890063846814,0.17754371078758824,-5.94169209717932,0.193834
1055,rgb,10,0,0.8036477694683949,0.18611420931738065,-5.927327828548577,0.21825
1056,rgb,9,0,0.826696024982418,0.1947129253703912,-5.926103827493925,0.186583
1057,rgb,11,0,0.8487066952634641,0.20569884334655847,-5.820243683594008,0.524375
1058,rgb,10,0,0.869496763564554,0.21884924486271065,-5.719187428193827,0.279166
1059,rgb,10,0,0.8890544822091867,0.2337708949530118,-5.631444719570418,0.184542
1060,rgb,8,0,0.907645862959514,0.24988053684215256,-5.569183328139324,0.205458
1061,rgb,11,0,0.9261157199110857,0.2661293640056274,-5.561672266523082,0.364125
1062,rgb,11,0,0.9431796137564938,0.2838489443288925,-5.478938858906467,0.21825
1063,rgb,10,0,0.9574839251867355,0.3038626065251688,-5.332930829326351,0.214417
1064,rgb,10,0,0.9709681452192994,0.32443773252996894,-5.292526576618393,0.277792
1065,rgb,9,0,0.9827280516560313,0.3460447823193158,-5.210816513697345,0.339917
1066,rgb,13,0,0.9937117135622476,0.36805657850068024,-5.175228107670982,0.483667
1067,rgb,13,0,1.004550723011062,0.3901399630729897,-5.168667212079008,0.22675
1068,rgb,13,0,1.015190166928741,0.41232018473830584,-5.159650134804387,0.280709
1069,rgb,11,0,1.02626198615693,0.43428777038120947,-5.179237131911059,0.209375
1070,rgb,11,0,1.0388130996308966,0.45544502801455156,-5.247815442221899,0.197333
1071,rgb,11,0,1.052250309125126,0.4760508864292886,-5.290243458884497,0.168042
1072,rgb,10,0,1.0655726702546677,0.49673118366927227,-5.284679944111694,0.223167
1073,rgb,10,0,1.0787313010160373,0.5175160444214144,-5.276782734735598,0.2165
1074,rgb,10,0,1.0923581277230943,0.5394237963347404,-5.268834830677797,0.181917
1075,rgb,10,0,1.1056390146624093,0.5615429744864061,-5.253120237446119,0.201625
1076,rgb,8,0,1.1166680494113628,0.5848667904800718,-5.154094555831243,0.2075
1077,rgb,14,0,1.1257076960620866,0.6090313262387008,-5.070359261191179,0.401916
1078,rgb,14,0,1.1340507085233524,0.6334451367374977,-5.041680374598791,0.227375
1079,rgb,14,0,1.1421892029803677,0.6579278838867277,-5.033315089947273,0.23675
1080,rgb,13,0,1.1494785476734606,0.6814231058253535,-5.013220855450918,0.257834
1081,rgb,13,0,1.155935842879486,0.7051604885501241,-4.977992502457191,0.289166
1082,rgb,13,0,1.1606237413352232,0.7293096833207308,-4.904126619404842,0.240667
1083,rgb,12,0,1.1647019903158455,0.7535692769952351,-4.878940397358228,0.24175
1084,rgb,12,0,1.168598211984819,0.777858769717526,-4.87144174095868,0.271375
1085,rgb,12,0,1.1723871726591035,0.8021652251771096,-4.867027347392131,0.386041
1086,rgb,10,0,1.1747242170240122,0.8266539618459631,-4.807534271335889,0.293958
1087,rgb,7,0,1.1789112734186438,0.8508950129524678,-4.883427233851243,0.290667
1088,rgb,10,0,1.182807710533229,0.8751844711146435,-4.871450610874881,0.410666
1089,rgb,10,0,1.1862526367919686,0.8995420671181872,-4.852888422502865,0.223958
1090,rgb,10,0,1.1891367162204147,0.9239724188522579,-4.829898231147517,0.222084
1091,rgb,10,0,1.191891610670036,0.9484176751726863,-4.824611967379887,0.209375
1092,rgb,9,0,1.1939056446287037,0.9729350907626977,-4.794352019156058,0.264041
1093,rgb,12,0,1.1955438174331172,0.997480485236262,-4.77903068712606,0.373292
1094,rgb,12,0,1.1971166829723814,1.0220301510994747,-4.7763702473106875,0.237125
1095,rgb,12,0,1.1983616580914895,1.0465986275877066,-4.763019353567351,0.253583
1096,rgb,12,0,1.1992321232657988,1.0711832221619582,-4.747781131832589,0.255667
1097,rgb,12,0,1.199748623587946,1.0957777993572917,-4.733386471352269,0.308042
1098,rgb,11,0,1.1995580082434631,1.1203770608460122,-4.704640311605026,0.215791
1099,rgb,11,0,1.1986328160897648,1.1449596567113542,-4.674770671358992,0.204167
1100,rgb,11,0,1.1974830266975292,1.1695327717835933,-4.6656325398448,0.18925
1101,rgb,11,0,1.197312384951889,1.1941321799349014,-4.705452268427898,0.405291
1102,rgb,11,0,1.197412830605463,1.2187319748663774,-4.716472148379971,0.194667
1103,rgb,11,0,1.1978186646586604,1.243328627051609,-4.728887048034657,0.233208
1104,rgb,10,0,1.1984282095100431,1.2679210741660007,-4.7371697625580325,0.27175
1105,rgb,10,0,1.198928761631935,1.2925159811097822,-4.732738031956096,0.24375
1106,rgb,10,0,1.1992335858749392,1.317114092463723,-4.724780526893873,0.195291
1107,rgb,10,0,1.1993789218765316,1.3417136631397866,-4.718296982298334,0.269042
1108,rgb,10,0,1.1991461502273932,1.3663125618419512,-4.702926577019234,0.192667
1109,rgb,10,0,1.1988724139331612,1.3909110387956412,-4.701261259100129,0.194542
1110,rgb,10,0,1.1985363640277131,1.415508743372716,-4.698727990218167,0.210583
1111,rgb,10,0,1.1980137037700969,1.44370389945058,-4.693853867423449,0.167583
1112,rgb,10,0,1.197227899731227,1.4682913456785334,-4.680440291945551,0.227292
1113,rgb,9,0,1.1964308012508469,1.4964800780731016,-4.684119311577369,0.289916
1114,rgb,7,0,1.1955480092795185,1.524666256926138,-4.681079185285334,0.370584
1115,rgb,8,0,1.1945969333120043,1.5528502143222174,-4.678656485347737,0.364917
1116,rgb,8,0,1.1935628059827559,1.581031246607549,-4.675709574433704,0.354791
1117,rgb,9,0,1.1925071205815698,1.6092114795436643,-4.674944578445711,0.38125
1118,rgb,11,0,1.1911301764352562,1.6373778429017183,-4.663541750758149,0.390333
1119,rgb,10,0,1.1886881496306243,1.6678802445298764,-4.632499228938677,0.262417
1120,reseed,4,0,1.1886881496306243,1.6678802445298764,-4.632499228938677,0.404125
1121,bootstrap,4,0,1.1886881496306243,1.6678802445298764,-4.632499228938677,0.170917
1122,rgb,14,0,1.1858039620105165,1.694725755547028,-4.605363011135914,0.253625
1123,rgb,13,0,1.1829718210684548,1.7215768072523951,-4.607301558376484,0.239041
1124,rgb,12,0,1.1810784932722946,1.7485103422943515,-4.642208131970101,0.291125
1125,rgb,11,0,1.1797661452642683,1.7754784297813393,-4.663764339880281,0.241625
1126,rgb,10,0,1.1775977013998657,1.8023912120828207,-4.631989655093484,0.211708
1127,rgb,10,0,1.1747243949442352,1.829237889903587,-4.60576832760983,0.268417
1128,rgb,10,0,1.1703494192327974,1.8558810801691001,-4.549635269687705,0.174542
1129,rgb,10,0,1.1646362300486834,1.882269704031411,-4.499177650557094,0.207
1130,rgb,7,0,1.1564261728319976,1.9079911923339712,-4.40342042689138,0.271417
1131,rgb,8,0,1.1461612652921174,1.9329638108029605,-4.322396175013118,0.419416
1132,rgb,8,0,1.1354388822168966,1.9577434496459343,-4.304006551400953,0.399958
1133,rgb,12,0,1.1242050692344603,1.9822954647541824,-4.2832729434680274,0.3985
1134,rgb,11,0,1.1126718880705628,2.006708283768805,-4.271045210779839,0.228083
1135,rgb,11,0,1.1009294803925993,2.0310211581756805,-4.26245732978844,0.197333
1136,rgb,11,0,1.0884726562166462,2.0549758556575815,-4.23285715282821,0.278041
1137,rgb,11,0,1.0761287813917668,2.07898895113292,-4.237566526987784,0.209917
1138,rgb,11,0,1.0629143406575996,2.1025341960049353,-4.200960174211495,0.184459
1139,rgb,11,0,1.0491820677802939,2.125781231979941,-4.178827848294013,0.262459
1140,rgb,10,0,1.0347784344718893,2.1486183803903054,-4.149693647408121,0.236459
1141,rgb,9,0,1.0193099760928273,2.170748152087619,-4.102342123174303,0.248625
1142,rgb,9,0,1.0193099760928273,2.170748152087619,-4.052010336899393,0.410083
1143,rgb,9,0,1.0193099760928273,2.170748152087619,-4.038254382097357,0.38675
1144,rgb,8,0,1.0193099760928273,2.170748152087619,-4.03805856769889,0.383291
1145,rgb,9,0,1.0193099760928273,2.170748152087619,-4.018120290618235,0.378958
1146,rgb,7,0,1.0193099760928273,2.170748152087619,-4.011073595285261,0.427625
1147,rgb,8,0,1.0016902222515784,2.191206506727565,-4.001399975642407,0.347458
1148,rgb,10,0,0.9826402586293308,2.210340217449509,-3.9291840832678915,0.425459
1149,rgb,9,0,0.9826402586293308,2.210340217449509,-3.8614695709197164,0.336667
1150,rgb,8,0,1.0079747424947363,2.1911203338059093,-3.7906037461011053,0.340958
1151,rgb,10,0,1.0307289952647922,2.174462483378066,-3.773523599281752,0.398042
1152,rgb,10,0,1.0079574217523943,2.191096648213412,-3.772483065049009,0.209709
1153,rgb,10,0,0.9789408554339829,2.2113746875439104,-3.7515420348149107,0.207625
1154,rgb,10,0,0.9528383856791821,2.227344066764773,-3.690640359441595,0.248541
1155,rgb,8,0,0.9255752735050988,2.241239487398325,-3.612953006545858,0.218
1156,rgb,9,0,0.8987725451220984,2.2533214471411442,-3.5650896386009023,0.413209
1157,rgb,9,0,0.8828794579506478,2.2604045100492844,-3.560839433944629,0.367625
1158,rgb,11,0,0.8671514567622092,2.2678469544472275,-3.583568949973987,0.358292
1159,rgb,11,0,0.851511771442932,2.275473240772431,-3.595290555409001,0.192459
1160,rgb,11,0,0.8285599276392758,2.2872568253718883,-3.6159064292673335,0.269084
1161,rgb,11,0,0.8055330981406077,2.298893196079255,-3.609502878296034,0.188541
1162,rgb,10,0,0.7851024380441062,2.307578132925382,-3.5435423294779227,0.234625
1163,rgb,10,0,0.7641979138148111,2.3150508075969314,-3.4849039169725344,0.180708
1164,rgb,10,0,0.7431544757535141,2.3221228451081695,-3.4658028709467814,0.195084
1165,rgb,10,0,0.7220278283861672,2.3289422857755393,-3.453823107550697,0.181666
1166,rgb,10,0,0.7013031991488208,2.336900284454512,-3.5082194053333566,0.211583
1167,rgb,10,0,0.6805497637713075,2.3447828551031886,-3.5045824011553393,0.252875
1168,rgb,10,0,0.6596803958088489,2.3523531576630274,-3.4895780186865792,0.244666
1169,rgb,10,0,0.6390246126933298,2.360488182179563,-3.5167753740910754,0.169209
1170,rgb,8,0,0.618937710833878,2.369941032209515,-3.5814429938558803,0.254125
1171,rgb,8,0,0.5993708960674665,2.3804281557377727,-3.633596443361448,0.399334
1172,rgb,7,0,0.5800665630953333,2.3913909440920653,-3.658069149381326,0.372542
1173,rgb,8,0,0.5610038328451041,2.4027686554351693,-3.6796974304829106,0.290292
1174,rgb,7,0,0.5610038328451041,2.4027686554351693,-3.7779813322935567,0.38875
1175,rgb,8,0,0.5610038328451041,2.4027686554351693,-3.8091337762538657,0.315458
1176,rgb,6,0,0.5610038328451041,2.4027686554351693,-3.7995382759485707,0.290334
1177,rgb,9,0,0.5610038328451041,2.4027686554351693,-3.7994393741841392,0.27725
1178,rgb,8,0,0.5610038328451041,2.4027686554351693,-3.800694567676537,0.312958
1179,rgb,9,0,0.5610038328451041,2.4027686554351693,-3.8007311335763276,0.346667
1180,rgb,8,0,0.5610038328451041,2.4027686554351693,-3.8007156834750546,0.321292
1181,rgb,9,0,0.5610038328451041,2.4027686554351693,-3.800718386543558,0.304666
1182,rgb,8,0,0.5610038328451041,2.4027686554351693,-3.8007250510433366,0.398667
1183,rgb,8,0,0.5610038328451041,2.4027686554351693,-3.8007365870059218,0.409041
1184,rgb,8,0,0.5610038328451041,2.4027686554351693,-3.800749671372323,0.469291
1185,rgb,8,0,0.5610038328451041,2.4027686554351693,-3.8007501571045097,0.295416
1186,rgb,7,0,0.5610038328451041,2.4027686554351693,-3.8007605185829263,0.2985
1187,rgb,8,0,0.5434587110096002,2.41637044575032,-3.8010565642015237,0.257958
1188,rgb,8,0,0.525907031183778,2.4299637726165373,-3.800574272461624,0.321625
1189,rgb,9,0,0.525907031183778,2.4299637726165373,-3.800161599819937,0.320917
1190,rgb,9,0,0.525907031183778,2.4299637726165373,-3.79993267361521,0.27975
1191,rgb,9,0,0.4903124009916422,2.457495977422638,-3.7999606595820907,0.321209
1192,rgb,9,0,0.45422290083333805,2.4843762299944383,-3.7817715776599172,0.31225
1193,rgb,6,0,0.41698008943592646,2.509634357383792,-3.737538397077394,0.30375
1194,rgb,7,0,0.37868481918274793,2.5332663754151836,-3.6944910173750642,0.2875
1195,rgb,6,0,0.33971281667079356,2.5557648869261307,-3.665153234962297,0.340917
1196,rgb,7,0,0.33971281667079356,2.5557648869261307,-3.5967198011911634,0.32525
1197,rgb,10,0,0.33971281667079356,2.5557648869261307,-3.560361638430429,0.296333
1198,rgb,10,0,0.33971281667079356,2.5557648869261307,-3.5411929504460815,0.185292
1199,rgb,10,0,0.33971281667079356,2.5557648869261307,-3.5410846854118674,0.217625
1200,rgb,10,0,0.33971281667079356,2.5557648869261307,-3.5410694509563356,0.25125
1201,rgb,10,0,0.33971281667079356,2.5557648869261307,-3.541040961811511,0.257375
1202,rgb,10,0,0.33971281667079356,2.5557648869261307,-3.541039639022067,0.264166
1203,rgb,10,0,0.33971281667079356,2.5557648869261307,-3.5407307947320916,0.1435
1204,rgb,10,0,0.33971281667079356,2.5557648869261307,-3.541482497603731,0.165791
1205,rgb,10,0,0.33971281667079356,2.5557648869261307,-3.541475461133807,0.168791
1206,rgb,10,0,0.33971281667079356,2.5557648869261307,-3.541450104996322,0.190875
1207,rgb,10,0,0.33971281667079356,2.5557648869261307,-3.5413523706665657,0.253459
1208,rgb,10,0,0.33971281667079356,2.5557648869261307,-3.541408712273544,0.219667
1209,rgb,10,0,0.33971281667079356,2.5557648869261307,-3.5413722289085783,0.227916
1210,rgb,10,0,0.33971281667079356,2.5557648869261307,-3.541382826283545,0.214417
1211,rgb,10,0,0.33971281667079356,2.5557648869261307,-3.5413830092638605,0.313208
1212,rgb,10,0,0.33971281667079356,2.5557648869261307,-3.5413547114403414,0.275209
1213,rgb,10,0,0.33971281667079356,2.5557648869261307,-3.541363476961102,0.254792
1214,rgb,10,0,0.33971281667079356,2.5557648869261307,-3.5413651927906145,0.157375
1215,rgb,10,0,0.33971281667079356,2.5557648869261307,-3.5413508766309647,0.142125
1216,rgb,10,0,0.33971281667079356,2.5557648869261307,-3.541340124839259,0.293208
1217,rgb,10,0,0.33971281667079356,2.5557648869261307,-3.541344644764173,0.196917
1218,rgb,10,0,0.33971281667079356,2.5557648869261307,-3.5413354103379575,0.259125
1219,rgb,10,0,0.33971281667079356,2.5557648869261307,-3.541438759647896,0.24325
1220,rgb,10,0,0.33971281667079356,2.5557648869261307,-3.541475166582565,0.141083
1221,rgb,10,0,0.298030196662316,2.5727224571892573,-3.5279695596704883,0.214375
1222,rgb,10,0,0.2559534109830659,2.588676895659553,-3.5040180087248487,0.271083
1223,rgb,10,0,0.21284376035465705,2.6015826316980952,-3.432471364752452,0.253125
1224,rgb,8,0,0.16846911781351723,2.6090586666997564,-3.3085006475607557,0.255291
1225,rgb,11,0,0.12356969164517431,2.6120655803588964,-3.208462782220046,0.457
1226,rgb,11,0,0.0786824367231817,2.6088821316679245,-3.070790208892028,0.266125
1227,rgb,11,0,0.03430683952759785,2.6014117653090842,-2.974812403337161,0.300375
1228,rgb,9,0,0.03430683952759785,2.6014117653090842,-2.860524237171809,0.33825
1229,rgb,12,0,0.03430683952759785,2.6014117653090842,-2.8410530667910976,0.433458
1230,rgb,10,0,0.03430683952759785,2.6014117653090842,-2.8363310191939277,0.20725
1231,rgb,10,0,0.03430683952759785,2.6014117653090842,-2.8362560385516886,0.287209
1232,rgb,10,0,0.03430683952759785,2.6014117653090842,-2.835983023958285,0.258667
1233,rgb,10,0,0.03430683952759785,2.6014117653090842,-2.8359845850887737,0.21525
1234,rgb,10,0,0.03430683952759785,2.6014117653090842,-2.835945933535733,0.174375
1235,rgb,10,0,0.03430683952759785,2.6014117653090842,-2.8359561985349515,0.180708
1236,rgb,10,0,0.03430683952759785,2.6014117653090842,-2.8360063606020063,0.173541
1237,rgb,10,0,0.03430683952759785,2.6014117653090842,-2.835959970140358,0.2735
1238,rgb,10,0,0.03430683952759785,2.6014117653090842,-2.836090239685838,0.201625
1239,rgb,10,0,0.03430683952759785,2.6014117653090842,-2.8360583224863163,0.299458
1240,rgb,10,0,0.03430683952759785,2.6014117653090842,-2.8360263362816127,0.25375
1241,rgb,10,0,0.03430683952759785,2.6014117653090842,-2.8360404724313426,0.177
1242,rgb,10,0,0.03430683952759785,2.6014117653090842,-2.836119265406161,0.266
1243,rgb,10,0,0.03430683952759785,2.6014117653090842,-2.8372367916104864,0.273542
1244,rgb,10,0,0.03430683952759785,2.6014117653090842,-2.836777676705971,0.162833
1245,rgb,10,0,0.03430683952759785,2.6014117653090842,-2.8367942393957506,0.238917
1246,rgb,10,0,0.03430683952759785,2.6014117653090842,-2.836705316046938,0.25675
1247,rgb,10,0,0.03430683952759785,2.6014117653090842,-2.836685192170627,0.20225
1248,rgb,10,0,0.03430683952759785,2.6014117653090842,-2.836694419809284,0.166041
1249,rgb,10,0,0.03430683952759785,2.6014117653090842,-2.835352292127574,0.155583
1250,rgb,10,0,0.03430683952759785,2.6014117653090842,-2.8352142712279615,0.161333
1251,rgb,10,0,0.03430683952759785,2.6014117653090842,-2.835206548157295,0.180083
1252,rgb,10,0,0.03430683952759785,2.6014117653090842,-2.835242622715306,0.1615
1253,rgb,10,0,0.03430683952759785,2.6014117653090842,-2.8351746173808365,0.228792
1254,rgb,10,0,0.03430683952759785,2.6014117653090842,-2.8352019100144403,0.134333
1255,rgb,10,0,0.03430683952759785,2.6014117653090842,-2.835228823677973,0.150916
1256,rgb,10,0,0.03430683952759785,2.6014117653090842,-2.835179390145278,0.159125
1257,rgb,10,0,0.03430683952759785,2.6014117653090842,-2.8351765540915963,0.142166
1258,rgb,10,0,0.03430683952759785,2.6014117653090842,-2.8352148119680365,0.250833
1259,rgb,10,0,0.03430683952759785,2.6014117653090842,-2.8351830339102904,0.177
1260,rgb,10,0,0.03430683952759785,2.6014117653090842,-2.835201953002617,0.228542
1261,rgb,10,0,0.03430683952759785,2.6014117653090842,-2.8351397159309286,0.155875
1262,rgb,10,0,0.03430683952759785,2.6014117653090842,-2.835213916008435,0.198417
1263,rgb,10,0,0.03430683952759785,2.6014117653090842,-2.835216439835996,0.163292
1264,rgb,10,0,0.03430683952759785,2.6014117653090842,-2.8351466844518214,0.181
1265,rgb,10,0,0.03430683952759785,2.6014117653090842,-2.8352041464980644,0.164958
1266,rgb,10,0,0.03430683952759785,2.6014117653090842,-2.8363750068686855,0.233875
1267,rgb,10,0,0.03430683952759785,2.6014117653090842,-2.8366075078387,0.220375
1268,rgb,10,0,0.03430683952759785,2.6014117653090842,-2.83657541077023,0.196167
1269,rgb,10,0,0.03430683952759785,2.6014117653090842,-2.8359674353026563,0.207459
1270,rgb,10,0,0.03430683952759785,2.6014117653090842,-2.8357054730634914,0.203208
1271,rgb,10,0,0.03430683952759785,2.6014117653090842,-2.835662225222542,0.202667
1272,rgb,10,0,0.03430683952759785,2.6014117653090842,-2.835691791676574,0.140625
1273,rgb,10,0,0.03430683952759785,2.6014117653090842,-2.83569020792104,0.179917
1274,rgb,10,0,0.03430683952759785,2.6014117653090842,-2.8356879001630446,0.222916
1275,rgb,10,0,0.03430683952759785,2.6014117653090842,-2.835689521250039,0.161542
1276,rgb,10,0,0.03430683952759785,2.6014117653090842,-2.8356614129834057,0.243125
1277,rgb,10,0,0.03430683952759785,2.6014117653090842,-2.835650457919634,0.200958
1278,rgb,10,0,0.03430683952759785,2.6014117653090842,-2.8357133024682994,0.146292
1279,rgb,10,0,0.03430683952759785,2.6014117653090842,-2.8357136124318814,0.1615
1280,rgb,10,0,0.03430683952759785,2.6014117653090842,-2.8356291914747445,0.176917
1281,rgb,10,0,0.03430683952759785,2.6014117653090842,-2.835696059897181,0.190333
1282,rgb,10,0,0.03430683952759785,2.6014117653090842,-2.8356520179182,0.153291
1283,rgb,10,0,0.03430683952759785,2.6014117653090842,-2.8356169388639856,0.180583
1284,rgb,10,0,0.03430683952759785,2.6014117653090842,-2.8369435479176346,0.202708
1285,rgb,10,0,0.03430683952759785,2.6014117653090842,-2.8369852934515976,0.184833
1286,rgb,10,0,0.03430683952759785,2.6014117653090842,-2.836996300553018,0.180042
1287,rgb,10,0,0.03430683952759785,2.6014117653090842,-2.837046142470662,0.151667
1288,rgb,10,0,-0.008735141503547504,2.5882821092239263,-2.8455156765772145,0.179458
1289,rgb,10,0,-0.052105921250756616,2.57628313159585,-2.8716834306610863,0.191208
1290,rgb,10,0,-0.052105921250756616,2.57628313159585,-2.909228560317878,0.21875
1291,rgb,10,0,-0.052105921250756616,2.57628313159585,-2.9089643537077237,0.168334
1292,rgb,10,0,-0.09589329928726512,2.565906931680279,-2.9089166690896846,0.171416
1293,rgb,9,0,-0.14020728437404817,2.55807936975281,-2.9667574857663013,0.207334
1294,rgb,10,0,-0.18488779437916208,2.5527266110544455,-3.0223601517568923,0.39975
1295,rgb,7,0,-0.22988746377743122,2.5528991046673166,-3.1454258543740607,0.20375
1296,rgb,7,0,-0.2743455205712112,2.5598619479170983,-3.296946657944808,0.401792
1297,rgb,9,0,-0.31780461051310893,2.571537028277509,-3.4040414077531196,0.44875
1298,rgb,6,0,-0.3601261129527884,2.586830505032263,-3.4883554113398887,0.403709
1299,rgb,8,0,-0.3601261129527884,2.586830505032263,-3.621067835141311,0.415875
1300,rgb,13,0,-0.3601261129527884,2.586830505032263,-3.5251742882024146,0.496583
1301,rgb,12,0,-0.4031760585383683,2.599934023074324,-3.437062418211589,0.287292
1302,rgb,12,0,-0.44634772018842267,2.612630779761495,-3.4276272348429657,0.242208
1303,rgb,11,0,-0.4904018383144056,2.621808724855139,-3.346988125827501,0.259791
1304,rgb,10,0,-0.4904018383144056,2.621808724855139,-3.2382775164510704,0.274042
1305,rgb,10,0,-0.4904018383144056,2.621808724855139,-3.228034113657067,0.286542
1306,rgb,10,0,-0.5352348630238042,2.6256816946983546,-3.227765259427123,0.27575
1307,rgb,9,0,-0.580234626786803,2.6258275071610933,-3.144832936209731,0.207791
1308,rgb,7,0,-0.6248856738065441,2.6202342969879573,-3.016976815742545,0.394125
1309,rgb,10,0,-0.6684908768066754,2.6091173607500657,-2.8919651481333304,0.395417
1310,rgb,9,0,-0.6684908768066754,2.6091173607500657,-2.824036997837119,0.24825
1311,rgb,12,0,-0.6684908768066754,2.6091173607500657,-2.8451858322146464,0.417583
1312,rgb,12,0,-0.6684908768066754,2.6091173607500657,-2.8470337751564685,0.242875
1313,rgb,12,0,-0.7115473083045818,2.5960351703116835,-2.8466182669867877,0.236667
1314,rgb,12,0,-0.7545984106585967,2.5829354532878646,-2.8462111809999797,0.215833
1315,rgb,12,0,-0.7975422790869598,2.569488365707,-2.8381323674471233,0.233584
1316,rgb,10,0,-0.8397260562058108,2.5538190023508482,-2.78593378604959,0.214084
1317,rgb,10,0,-0.8793933877284525,2.532570406870845,-2.6498179668338153,0.268666
1318,rgb,10,0,-0.8908845157376069,2.5260747177559604,-2.6270949290842864,0.205084
1319,rgb,10,0,-0.8908845157376069,2.5260747177559604,-2.5955853098780963,0.242084
1320,rgb,10,0,-0.9290908839429804,2.5022992381907567,-2.584943746194348,0.163583
1321,rgb,10,0,-0.9669986929369733,2.4780505677679283,-2.57251019494246,0.240333
1322,rgb,10,0,-0.9669986929369733,2.4780505677679283,-2.5503928875328157,0.207625
1323,rgb,6,0,-0.9468326777013849,2.496004169900036,-2.4141681557298753,0.25
1324,rgb,8,0,-0.9270275488802918,2.514355106453245,-2.3942877473087165,0.344084
1325,rgb,9,0,-0.9072460668609139,2.5327315307277614,-2.3930000534524325,0.382708
1326,rgb,10,0,-0.9072460668609139,2.5327315307277614,-2.3929484903342555,0.345333
1327,rgb,10,0,-0.9072460668609139,2.5327315307277614,-2.3929544350740244,0.205416
1328,rgb,10,0,-0.9072460668609139,2.5327315307277614,-2.392953316263778,0.208917
1329,rgb,10,0,-0.9400730686079453,2.5019518628234385,-2.38837078963585,0.267208
1330,rgb,10,0,-0.972616585057082,2.470872616739842,-2.379205309834255,0.220583
1331,rgb,10,0,-0.949163841463909,2.4940883187096916,-2.361273716252221,0.246167
1332,rgb,9,0,-0.928470116553953,2.5149720384298724,-2.3516248614079487,0.169417
1333,rgb,9,0,-0.9599907833100422,2.4828558810125916,-2.346837120644672,0.378792
1334,rgb,11,0,-0.9909699557044636,2.4502170869515862,-2.3301130948140454,0.343667
1335,rgb,11,0,-1.0235776597690962,2.4192051918848003,-2.3812728380336594,0.190541
1336,rgb,10,0,-1.0570995853474134,2.3891838577118865,-2.4112287541403603,0.219167
1337,rgb,10,0,-1.089981067199356,2.358462396952014,-2.3901424673869442,0.240584
1338,rgb,7,0,-1.1217640973262,2.326605859224946,-2.3550394294335675,0.227417
1339,rgb,6,0,-1.1217640973262,2.326605859224946,-2.220443811781628,0.409416
1340,rgb,6,0,-1.1217640973262,2.326605859224946,-2.3468061504437756,0.318584
1341,rgb,6,0,-1.1217640973262,2.326605859224946,-2.388586480684502,0.333292
1342,rgb,8,0,-1.1358589901914873,2.3144693854736427,-2.4307156731858086,0.360166
1343,rgb,9,0,-1.1708378853412422,2.2861590182188283,-2.461173009641392,0.349958
1344,rgb,9,0,-1.205489603115075,2.2613796224367952,-2.5208050949051213,0.384958
1345,rgb,9,0,-1.2420114153722388,2.235089753105578,-2.517674838473944,0.413375
1346,rgb,8,0,-1.2420114153722388,2.235089753105578,-2.5098506522382777,0.432
1347,rgb,6,0,-1.2782400816810657,2.208397362102079,-2.5066091362870466,0.330291
1348,rgb,8,0,-1.3145217094448984,2.181777003599484,-2.5085959570034575,0.42075
1349,rgb,9,0,-1.3508610030248436,2.1552354184525764,-2.510765395874081,0.362916
1350,rgb,10,0,-1.3849471823625783,2.1258563037934213,-2.430226482266484,0.368208
1351,rgb,9,0,-1.4162926041065427,2.093569084407215,-2.3413950277510267,0.291375
1352,rgb,9,0,-1.3996036457852903,2.1132444159203434,-2.2742545826378446,0.376917
1353,rgb,6,0,-1.3996036457852903,2.1132444159203434,-2.1455592734757047,0.402208
1354,rgb,12,0,-1.3996036457852903,2.1132444159203434,-2.1414054579119366,0.324833
1355,rgb,12,0,-1.4232526001305166,2.0749596022421053,-2.124137006981222,0.238916
1356,rgb,11,0,-1.4456682209440888,2.0359398643708415,-2.0922312813828867,0.255375
1357,rgb,11,0,-1.4662546687987963,1.9959248901146283,-2.045951705707161,0.218541
1358,rgb,10,0,-1.4865493347329275,1.9557611435933933,-2.038673449588863,0.300125
1359,rgb,10,0,-1.506151514004382,1.9152549148401539,-2.0215054846386593,0.189375
1360,rgb,9,0,-1.52103806750643,1.872788569049273,-1.9079605362395924,0.371667
1361,rgb,12,0,-1.5324994058881651,1.8292726211393473,-1.828330071924178,0.413167
1362,rgb,11,0,-1.5452505334040387,1.7861169871262323,-1.858090551851241,0.28625
1363,rgb,10,0,-1.5594597282769085,1.7434192262825439,-1.892053732929675,0.261833
1364,rgb,9,0,-1.5558697781473256,1.7573645573315764,-1.822755852995364,0.274625
1365,rgb,8,0,-1.5558697781473256,1.7573645573315764,-1.706495637355296,0.430291
1366,rgb,10,0,-1.5611060418668932,1.712670245140212,-1.6874219442735594,0.389041
1367,rgb,10,0,-1.5651326551946825,1.6678507584730438,-1.6603964625875633,0.22325
1368,rgb,8,0,-1.5655112735830727,1.622852351299945,-1.5792101680318993,0.250167
1369,rgb,6,0,-1.5660582289590728,1.5778556754247577,-1.582951189998461,0.3275
1370,rgb,7,0,-1.5708163494576193,1.5331079348189873,-1.676730359021498,0.364292
1371,rgb,11,0,-1.5758395556768614,1.4883891758997265,-1.6826562630496156,0.355375
1372,rgb,9,0,-1.5784595789131393,1.4434655131122671,-1.629052010413183,0.253167
1373,rgb,11,0,-1.5794997599045881,1.3984775366796132,-1.5939135188720357,0.359792
1374,rgb,11,0,-1.580459236846589,1.353487766686894,-1.5921196524770167,0.220083
1375,rgb,10,0,-1.5817233726683984,1.316909604340707,-1.6053424278990533,0.225625
1376,rgb,8,0,-1.5817233726683984,1.316909604340707,-1.6722377191082742,0.213458
1377,rgb,8,0,-1.5817233726683984,1.316909604340707,-1.8427024732128885,0.424833
1378,rgb,11,0,-1.5817233726683984,1.316909604340707,-1.8985134090081957,0.372292
1379,rgb,11,0,-1.5950168944979268,1.2739179507627407,-1.8706826406316068,0.204417
1380,rgb,11,0,-1.6063668512098495,1.2303728192020544,-1.8257713715330866,0.170417
1381,rgb,11,0,-1.6176031167880744,1.1867982126535657,-1.8231613758736458,0.199125
1382,rgb,11,0,-1.62825263453557,1.1430765044098823,-1.8097189070441928,0.227166
1383,rgb,11,0,-1.6380320420799024,1.0991519874736444,-1.7898645067372527,0.214542
1384,rgb,7,0,-1.6380320420799024,1.0991519874736444,-1.6501490885176864,0.239709
1385,rgb,13,0,-1.6380320420799024,1.0991519874736444,-1.5671756157436576,0.3905
1386,rgb,13,0,-1.6380320420799024,1.0991519874736444,-1.5403305256524291,0.213125
1387,rgb,13,0,-1.6380320420799024,1.0991519874736444,-1.5402977332097763,0.235042
1388,rgb,13,0,-1.6380320420799024,1.0991519874736444,-1.5402510707219008,0.198542
1389,rgb,13,0,-1.6380320420799024,1.0991519874736444,-1.5335015902248088,0.200209
1390,rgb,13,0,-1.6362652717402753,1.0541866839322802,-1.5315246699330274,0.22225
1391,rgb,13,0,-1.634453961896994,1.0092231525245756,-1.5305341200156946,0.21925
1392,rgb,11,0,-1.6271186241055806,0.9648250352279395,-1.4070581586285371,0.233459
1393,rgb,9,0,-1.6271186241055806,0.9648250352279395,-1.2732553721590776,0.291083
1394,rgb,8,0,-1.6271186241055806,0.9648250352279395,-1.2760493997203994,0.4505
1395,rgb,13,0,-1.6288618948069584,0.9705662029890938,-1.2759998455777932,0.433666
1396,rgb,13,0,-1.6156974303262568,0.9275348554046137,-1.273910541892441,0.210208
1397,rgb,13,0,-1.6021327152047686,0.8846279969356827,-1.2645957617689092,0.301625
1398,rgb,13,0,-1.5882971387859688,0.8418077117292581,-1.2582766337920148,0.177375
1399,rgb,13,0,-1.5734390694392144,0.7993313915580493,-1.2343027851212938,0.205417
1400,rgb,13,0,-1.5578185454620717,0.7571295049807942,-1.2162949870009143,0.194875
1401,rgb,13,0,-1.5578185454620717,0.7571295049807942,-1.199022881560417,0.226583
1402,rgb,10,0,-1.5578185454620717,0.7571295049807942,-1.0817210300494153,0.300833
1403,rgb,7,0,-1.5578185454620717,0.7571295049807942,-1.0607187187899072,0.232084
1404,rgb,10,0,-1.5578185454620717,0.7571295049807942,-1.0537534066144545,0.393208
1405,rgb,10,0,-1.5578185454620717,0.7571295049807942,-1.0535773976345482,0.177417
1406,rgb,10,0,-1.5578185454620717,0.7571295049807942,-1.0524766589852916,0.18475
1407,rgb,10,0,-1.5578185454620717,0.7571295049807942,-1.0524579952754394,0.204958
1408,rgb,10,0,-1.5578185454620717,0.7571295049807942,-1.0532660641176008,0.180875
1409,rgb,10,0,-1.5578185454620717,0.7571295049807942,-1.0532525456330077,0.192459
1410,rgb,10,0,-1.5578185454620717,0.7571295049807942,-1.0532661302960733,0.203
1411,rgb,10,0,-1.5578185454620717,0.7571295049807942,-1.0532923844395228,0.169625
1412,rgb,10,0,-1.5578185454620717,0.7571295049807942,-1.0532565864734025,0.227125
1413,rgb,10,0,-1.5578185454620717,0.7571295049807942,-1.0533192098620603,0.2255
1414,rgb,10,0,-1.5578185454620717,0.7571295049807942,-1.053293568858102,0.175459
1415,rgb,10,0,-1.5578185454620717,0.7571295049807942,-1.0532985605160903,0.208167
1416,rgb,10,0,-1.5578185454620717,0.7571295049807942,-1.0533150977527512,0.216917
1417,rgb,10,0,-1.5578185454620717,0.7571295049807942,-1.0532979541650676,0.150167
1418,rgb,10,0,-1.5578185454620717,0.7571295049807942,-1.0532896767792082,0.160292
1419,rgb,10,0,-1.5578185454620717,0.7571295049807942,-1.0532976277974413,0.192875
1420,rgb,10,0,-1.5578185454620717,0.7571295049807942,-1.05328318451226,0.190958
1421,rgb,10,0,-1.5578185454620717,0.7571295049807942,-1.0532708102911457,0.205584
1422,rgb,10,0,-1.5578185454620717,0.7571295049807942,-1.0532588863081074,0.24875
1423,rgb,10,0,-1.5578185454620717,0.7571295049807942,-1.0532514584948913,0.142042
1424,rgb,10,0,-1.5578185454620717,0.7571295049807942,-1.0532461404697315,0.207792
1425,rgb,10,0,-1.5578185454620717,0.7571295049807942,-1.0532059113835786,0.185833
1426,rgb,10,0,-1.5578185454620717,0.7571295049807942,-1.0532357821454426,0.165625
1427,rgb,10,0,-1.5578185454620717,0.7571295049807942,-1.0532461342506068,0.217375
1428,rgb,10,0,-1.5578185454620717,0.7571295049807942,-1.0532504525300865,0.191917
1429,rgb,10,0,-1.5578185454620717,0.7571295049807942,-1.0532587386825654,0.164542
1430,rgb,10,0,-1.5578185454620717,0.7571295049807942,-1.0532449453022892,0.127625
1431,rgb,10,0,-1.5578185454620717,0.7571295049807942,-1.0532754552224688,0.165833
1432,rgb,10,0,-1.5578185454620717,0.7571295049807942,-1.0532510150461931,0.158
1433,rgb,10,0,-1.5578185454620717,0.7571295049807942,-1.0532607285587474,0.140666
1434,rgb,10,0,-1.5578185454620717,0.7571295049807942,-1.0532548075749801,0.184083
1435,rgb,10,0,-1.5578185454620717,0.7571295049807942,-1.0532571498362486,0.221875
1436,rgb,10,0,-1.5578185454620717,0.7571295049807942,-1.0532453316265347,0.146542
1437,rgb,10,0,-1.5578185454620717,0.7571295049807942,-1.0532773246197067,0.18675
1438,rgb,10,0,-1.5578185454620717,0.7571295049807942,-1.0532796470842314,0.166333
1439,rgb,10,0,-1.5578185454620717,0.7571295049807942,-1.0532653406807313,0.197792
1440,rgb,10,0,-1.5578185454620717,0.7571295049807942,-1.0532889686163927,0.196083
1441,rgb,10,0,-1.5578185454620717,0.7571295049807942,-1.0532594112118332,0.16575
1442,rgb,10,0,-1.5578185454620717,0.7571295049807942,-1.053280666907007,0.168875
1443,rgb,10,0,-1.5578185454620717,0.7571295049807942,-1.0533205348437278,0.171125
1444,rgb,10,0,-1.5578185454620717,0.7571295049807942,-1.0532766996001683,0.206333
1445,rgb,10,0,-1.5578185454620717,0.7571295049807942,-1.0532941333548607,0.15275
1446,rgb,10,0,-1.5578185454620717,0.7571295049807942,-1.0532920908757788,0.193042
1447,rgb,10,0,-1.5578185454620717,0.7571295049807942,-1.0532964886255414,0.193542
1448,rgb,10,0,-1.5578185454620717,0.7571295049807942,-1.053321498389245,0.194417
1449,rgb,10,0,-1.5578185454620717,0.7571295049807942,-1.0532928369370111,0.167166
1450,rgb,10,0,-1.5578185454620717,0.7571295049807942,-1.0532569394212388,0.169083
1451,rgb,10,0,-1.5578185454620717,0.7571295049807942,-1.053289186949236,0.171666
1452,rgb,10,0,-1.5578185454620717,0.7571295049807942,-1.0532927311677796,0.200375
1453,rgb,10,0,-1.5578185454620717,0.7571295049807942,-1.0532890913581596,0.24125
1454,rgb,10,0,-1.5578185454620717,0.7571295049807942,-1.0533010215621417,0.182042
1455,rgb,10,0,-1.5578185454620717,0.7571295049807942,-1.0533058429668145,0.203125
1456,rgb,10,0,-1.5578185454620717,0.7571295049807942,-1.0532900585789449,0.223709
1457,rgb,10,0,-1.5578185454620717,0.7571295049807942,-1.053283513709097,0.162542
1458,rgb,10,0,-1.5578185454620717,0.7571295049807942,-1.0533010102480276,0.208917
1459,rgb,10,0,-1.5578185454620717,0.7571295049807942,-1.0532937159227131,0.171458
1460,rgb,10,0,-1.5578185454620717,0.7571295049807942,-1.0533093012076407,0.199792
1461,rgb,10,0,-1.5578185454620717,0.7571295049807942,-1.0532886880631978,0.209916
1462,rgb,10,0,-1.5578185454620717,0.7571295049807942,-1.053274541165969,0.17625
1463,rgb,10,0,-1.5578185454620717,0.7571295049807942,-1.0533063028164307,0.164792
1464,rgb,10,0,-1.5578185454620717,0.7571295049807942,-1.053329093058359,0.186
1465,rgb,10,0,-1.5578185454620717,0.7571295049807942,-1.0532735733799328,0.137791
1466,rgb,10,0,-1.5578185454620717,0.7571295049807942,-1.0532853729249965,0.205375
1467,rgb,10,0,-1.5578185454620717,0.7571295049807942,-1.053296622680513,0.156917
1468,rgb,10,0,-1.5578185454620717,0.7571295049807942,-1.0533120218755485,0.239792
1469,rgb,10,0,-1.5578185454620717,0.7571295049807942,-1.0533000153122103,0.17625
1470,rgb,10,0,-1.5578185454620717,0.7571295049807942,-1.0532873605392652,0.168667
1471,rgb,10,0,-1.5578185454620717,0.7571295049807942,-1.0532950937908154,0.164709
1472,rgb,10,0,-1.5578185454620717,0.7571295049807942,-1.0532819463573233,0.156875
1473,rgb,10,0,-1.5578185454620717,0.7571295049807942,-1.0532822478365134,0.204833
1474,rgb,10,0,-1.5578185454620717,0.7571295049807942,-1.0532685760656832,0.1515
1475,rgb,10,0,-1.5578185454620717,0.7571295049807942,-1.0532704720474513,0.169875
1476,rgb,10,0,-1.5578185454620717,0.7571295049807942,-1.0532940462483467,0.250167
1477,rgb,10,0,-1.5578185454620717,0.7571295049807942,-1.0532737753085613,0.186125
1478,rgb,10,0,-1.5578185454620717,0.7571295049807942,-1.0532566735758238,0.178667
1479,rgb,10,0,-1.5578185454620717,0.7571295049807942,-1.0532615679460733,0.16525
1480,rgb,10,0,-1.5578185454620717,0.7571295049807942,-1.0532507735208938,0.194792
1481,rgb,10,0,-1.5578185454620717,0.7571295049807942,-1.0532953907443598,0.20525
1482,rgb,10,0,-1.5578185454620717,0.7571295049807942,-1.0533140847167388,0.192833
1483,rgb,10,0,-1.5578185454620717,0.7571295049807942,-1.0533150937951987,0.148458
1484,rgb,10,0,-1.5578185454620717,0.7571295049807942,-1.0533442829762762,0.155958
1485,rgb,10,0,-1.5578185454620717,0.7571295049807942,-1.0533635855625008,0.147625
1486,rgb,10,0,-1.5578185454620717,0.7571295049807942,-1.0533650341332432,0.190375
1487,rgb,10,0,-1.5578185454620717,0.7571295049807942,-1.0533726355944637,0.167042
1488,rgb,10,0,-1.5578185454620717,0.7571295049807942,-1.0534351368125172,0.205417
1489,rgb,10,0,-1.5578185454620717,0.7571295049807942,-1.0534529201242222,0.145709
1490,rgb,10,0,-1.5578185454620717,0.7571295049807942,-1.0534474867114696,0.18125
1491,rgb,10,0,-1.5578185454620717,0.7571295049807942,-1.0533283645442353,0.206791
1492,rgb,10,0,-1.5578185454620717,0.7571295049807942,-1.0533082904427502,0.171041
1493,rgb,10,0,-1.5578185454620717,0.7571295049807942,-1.0532967369460167,0.187
1494,rgb,10,0,-1.5578185454620717,0.7571295049807942,-1.05331116269614,0.279375
1495,rgb,10,0,-1.5578185454620717,0.7571295049807942,-1.0533083967801886,0.197625
1496,rgb,10,0,-1.5578185454620717,0.7571295049807942,-1.0533039085302462,0.17625
1497,rgb,10,0,-1.5578185454620717,0.7571295049807942,-1.0533114432472885,0.161458
1498,rgb,10,0,-1.5578185454620717,0.7571295049807942,-1.0532867032888262,0.154708
1499,rgb,10,0,-1.5578185454620717,0.7571295049807942,-1.0532947844011815,0.180541
1500,rgb,10,0,-1.5578185454620717,0.7571295049807942,-1.053256761258048,0.2045
1501,rgb,7,0,-1.5578185454620717,0.7571295049807942,-1.4023226015023411,0.285417
1502,rgb,11,0,-1.5578185454620717,0.7571295049807942,-1.3898180499426545,0.542792
1503,rgb,11,0,-1.5578185454620717,0.7571295049807942,-1.3888434386798636,0.257416
1504,rgb,11,0,-1.5517947545743187,0.722245784661129,-1.3998006545925037,0.268709
1505,rgb,11,0,-1.5528461868927468,0.7293685994193383,-1.4242399820113079,0.222875
1506,rgb,11,0,-1.5528461868927468,0.7293685994193383,-1.4242399840681332,0.189834
1507,rgb,10,0,-1.5452930730790089,0.6850070116240765,-1.4021510764090794,0.219875
1508,rgb,9,0,-1.5452930730790089,0.6850070116240765,-1.3628994098930138,0.209584
1509,rgb,14,0,-1.5452930730790089,0.6850070116240765,-1.3601934325946945,0.411916
1510,rgb,14,0,-1.5452930730790089,0.6850070116240765,-1.3595414824616614,0.21375
1511,rgb,14,0,-1.5388750968207985,0.6550876269253724,-1.3594895534574039,0.171541
1512,rgb,14,0,-1.5324566342507637,0.6251683465490487,-1.3594732993573575,0.192708
1513,rgb,14,0,-1.5230175033275832,0.5811694510241033,-1.3594684042595122,0.224583
1514,rgb,14,0,-1.5135773176976344,0.5371707817797715,-1.359444432987782,0.200875
1515,rgb,14,0,-1.504135670593497,0.4931724261291232,-1.359411216542337,0.201709
1516,rgb,14,0,-1.4946939231606087,0.4491740920082324,-1.3594089362576756,0.189583
1517,rgb,14,0,-1.4852512317794075,0.4051759604629112,-1.3593874820252654,0.157416
1518,rgb,14,0,-1.4758079193379743,0.361177962211474,-1.359373366399193,0.20125
1519,rgb,14,0,-1.4758079193379743,0.361177962211474,-1.359354154878854,0.165792
1520,rgb,14,0,-1.4758079193379743,0.361177962211474,-1.3599544685302294,0.255042
1521,rgb,14,0,-1.4758079193379743,0.361177962211474,-1.359942623088425,0.22075
1522,rgb,14,0,-1.4758079193379743,0.361177962211474,-1.3601350772750425,0.233959
1523,rgb,14,0,-1.4758079193379743,0.361177962211474,-1.3601361446939495,0.186625
1524,rgb,14,0,-1.4663971003711578,0.3171730024185847,-1.3601118296022991,0.182041
1525,rgb,14,0,-1.4569865702931095,0.2731679808454716,-1.3601183945114985,0.244584
1526,rgb,14,0,-1.4569865702931095,0.2731679808454716,-1.3601162584615554,0.262042
1527,rgb,14,0,-1.4569865702931095,0.2731679808454716,-1.3601268409380896,0.168
1528,rgb,14,0,-1.4569865702931095,0.2731679808454716,-1.3601062129270463,0.190292
1529,rgb,14,0,-1.4569865702931095,0.2731679808454716,-1.3601048828956368,0.2385
1530,rgb,14,0,-1.4569865702931095,0.2731679808454716,-1.3601220060396986,0.198208
1531,rgb,14,0,-1.4569865702931095,0.2731679808454716,-1.360134710021764,0.193917
1532,rgb,14,0,-1.4569865702931095,0.2731679808454716,-1.360125784024301,0.179583
1533,rgb,14,0,-1.4569865702931095,0.2731679808454716,-1.3601554713592736,0.200584
1534,rgb,14,0,-1.4569865702931095,0.2731679808454716,-1.3601231445633561,0.165875
1535,rgb,14,0,-1.4475768068415449,0.22916279533528885,-1.3601358158199832,0.206709
1536,rgb,14,0,-1.4475768068415449,0.22916279533528885,-1.3601294553447292,0.192167
1537,rgb,14,0,-1.4475768068415449,0.22916279533528885,-1.3601378524810275,0.20925
1538,rgb,14,0,-1.4475768068415449,0.22916279533528885,-1.3601365559832561,0.161375
1539,rgb,14,0,-1.4475768068415449,0.22916279533528885,-1.3601444557723812,0.160541
1540,rgb,14,0,-1.4475768068415449,0.22916279533528885,-1.3601444573884582,0.184167
1541,rgb,14,0,-1.4381667274583854,0.18515767738291158,-1.3601286363970648,0.154166
1542,rgb,14,0,-1.4381667274583854,0.18515767738291158,-1.3601251012284483,0.157458
1543,rgb,14,0,-1.4381667274583854,0.18515767738291158,-1.36093946790669,0.185292
1544,rgb,14,0,-1.4381667274583854,0.18515767738291158,-1.3625538141920406,0.241625
1545,rgb,14,0,-1.4381667274583854,0.18515767738291158,-1.362947018262901,0.169791
1546,rgb,14,0,-1.4381667274583854,0.18515767738291158,-1.3628801498404646,0.175834
1547,rgb,14,0,-1.4381667274583854,0.18515767738291158,-1.3628787313287494,0.186583
1548,rgb,14,0,-1.4381667274583854,0.18515767738291158,-1.3628901424495443,0.193209
1549,rgb,14,0,-1.4381667274583854,0.18515767738291158,-1.3628770409127928,0.205959
1550,rgb,14,0,-1.4381667274583854,0.18515767738291158,-1.362878244082197,0.189875
1551,rgb,14,0,-1.4381667274583854,0.18515767738291158,-1.362911534462285,0.14575
1552,rgb,14,0,-1.4381667274583854,0.18515767738291158,-1.3628693863641392,0.212
1553,rgb,14,0,-1.428868067009492,0.14112888096674567,-1.3626599080228634,0.211292
1554,rgb,14,0,-1.4195127126437168,0.09711209616037011,-1.3613720771457456,0.201458
1555,rgb,14,0,-1.4195127126437168,0.09711209616037011,-1.3565085951771043,0.185583
1556,rgb,14,0,-1.4195127126437168,0.09711209616037011,-1.343797045068016,0.203292
1557,rgb,14,0,-1.4195127126437168,0.09711209616037011,-1.342233322451023,0.222458
1558,rgb,14,0,-1.4195127126437168,0.09711209616037011,-1.3423225549552744,0.166083
1559,rgb,14,0,-1.4195127126437168,0.09711209616037011,-1.341798246248175,0.213542
1560,rgb,14,0,-1.4184263016716758,0.09243665915407553,-1.3424823058224438,0.151333
1561,rgb,14,0,-1.4167914459282844,0.08542472313766035,-1.3417351755700229,0.189917
1562,rgb,14,0,-1.415160244453981,0.07841193612034476,-1.3422562937406046,0.1965
1563,rgb,14,0,-1.41352762105298,0.07139948000066003,-1.3420535269609108,0.217875
1564,rgb,14,0,-1.4073661927733727,0.04511190115521942,-1.340566751379186,0.203584
1565,rgb,14,0,-1.3989482663256418,0.009493106757870774,-1.3387207089174926,0.182375
1566,rgb,14,0,-1.3900954340102096,-0.026020093041567764,-1.326492724772209,0.193375
1567,rgb,14,0,-1.3803695369165738,-0.061304181888015376,-1.3018301835466564,0.213167
1568,rgb,13,0,-1.3695501523628442,-0.09626846248805801,-1.2707006594349086,0.231834
1569,rgb,13,0,-1.3577886029269615,-0.13092716925659292,-1.2436375467289627,0.218
1570,rgb,13,0,-1.3476817186044214,-0.15853533633249267,-1.2198660073984802,0.255834
1571,rgb,12,0,-1.3410966207411508,-0.17593063702351688,-1.2089115966294348,0.243334
1572,rgb,12,0,-1.3343672133463513,-0.1932706219172479,-1.200602541509682,0.243334
1573,rgb,12,0,-1.3274198873722791,-0.2105244522690852,-1.1880040064637005,0.177
1574,rgb,11,0,-1.3202253475529124,-0.22767667069083894,-1.173633882607931,0.20625
1575,rgb,10,0,-1.312943583324848,-0.24479204126020965,-1.168543111830616,0.174458
1576,rgb,10,0,-1.3053958089563915,-0.26179177955475025,-1.1529485698040962,0.139084
1577,rgb,10,0,-1.2976151101182716,-0.2786861787920857,-1.1392045526948213,0.207917
1578,rgb,10,0,-1.2883570239094868,-0.29753525939965675,-1.1142383518811703,0.212459
1579,rgb,10,0,-1.2716892423636563,-0.3287657742583726,-1.0805521871146202,0.172333
1580,rgb,10,0,-1.253892170653862,-0.35936682388998553,-1.044028297364378,0.147875
1581,rgb,10,0,-1.2335630355703286,-0.3883476152310697,-0.9590849432345867,0.259125
1582,rgb,10,0,-1.2110821976510893,-0.41569303397807167,-0.8827205973860264,0.206375
1583,rgb,7,0,-1.185608083340399,-0.4402741141025473,-0.7675590667125225,0.215292
1584,rgb,11,0,-1.1801886658268297,-0.4450143581694302,-0.7186474728580952,0.4075
1585,rgb,11,0,-1.1748177236702426,-0.44980945778785264,-0.7288148964938164,0.216958
1586,rgb,11,0,-1.199970872006155,-0.4249000393122722,-0.7805296967920303,0.174375
1587,rgb,11,0,-1.2075343802548921,-0.41719073694621556,-0.7949438647549987,0.223958
1588,rgb,11,0,-1.2141480127100217,-0.4102322984900346,-0.8107982550930619,0.19425
1589,rgb,11,0,-1.2206881284767481,-0.4032047181270777,-0.8213110410791278,0.214792
1590,rgb,11,0,-1.1899968010445348,-0.43611432797661354,-0.8202621711600959,0.182667
1591,rgb,11,0,-1.1591845085666737,-0.46891070936631485,-0.8165801657081038,0.2065
1592,rgb,11,0,-1.1282729774893525,-0.5016135723366392,-0.8135499468256175,0.158
1593,rgb,11,0,-1.0971584556052292,-0.5341233635990023,-0.8073244633336008,0.200208
1594,rgb,11,0,-1.066025989331304,-0.5666159711229132,-0.80677234865226,0.214417
1595,rgb,11,0,-1.0344771491721907,-0.5987044532405629,-0.7938779203171298,0.21475
1596,rgb,11,0,-1.0029465480705413,-0.6308108574953011,-0.794446160499604,0.174416
1597,rgb,10,0,-0.9714444540842264,-0.662945232772835,-0.7953336688290737,0.219625
1598,rgb,9,0,-0.9465763231123034,-0.6881392015344907,-0.7919067435498737,0.201625
1599,rgb,14,0,-0.9216015955844344,-0.7132275052816296,-0.7876668239544533,0.420167
1600,rgb,12,0,-0.9216015955844344,-0.7132275052816296,-0.763103103504648,0.217916
1601,rgb,11,0,-0.9216015955844344,-0.7132275052816296,-0.745487720013728,0.184875
1602,rgb,6,0,-0.9216015955844344,-0.7132275052816296,-0.6014444234381817,0.223708
1603,rgb,12,0,-0.9216015955844344,-0.7132275052816296,-0.5276065769206189,0.344083
1604,rgb,11,0,-0.9216015955844344,-0.7132275052816296,-0.46697156155215724,0.187125
1605,rgb,10,0,-0.9216015955844344,-0.7132275052816296,-0.4372466451089285,0.246583
1606,rgb,10,0,-0.9216015955844344,-0.7132275052816296,-0.42619849486010297,0.195083
1607,rgb,10,0,-0.9216015955844344,-0.7132275052816296,-0.4264338284913838,0.172541
1608,rgb,10,0,-0.9216015955844344,-0.7132275052816296,-0.42639300040474426,0.168583
1609,rgb,10,0,-0.9216015955844344,-0.7132275052816296,-0.42669611650791284,0.167875
1610,rgb,10,0,-0.9216015955844344,-0.7132275052816296,-0.42671756055762033,0.152375
1611,rgb,10,0,-0.9216015955844344,-0.7132275052816296,-0.4267664635347619,0.174125
1612,rgb,10,0,-0.9216015955844344,-0.7132275052816296,-0.4269984452633371,0.200208
1613,rgb,10,0,-0.9216015955844344,-0.7132275052816296,-0.42704859375345494,0.16525
1614,rgb,10,0,-0.9216015955844344,-0.7132275052816296,-0.42701288911604296,0.153875
1615,rgb,10,0,-0.9216015955844344,-0.7132275052816296,-0.42702389847937683,0.195417
1616,rgb,10,0,-0.9216015955844344,-0.7132275052816296,-0.4270343037536013,0.158834
1617,rgb,10,0,-0.9216015955844344,-0.7132275052816296,-0.4270293986363076,0.184625
1618,rgb,10,0,-0.9216015955844344,-0.7132275052816296,-0.4270088301771584,0.163459
1619,rgb,10,0,-0.9216015955844344,-0.7132275052816296,-0.42703764434810454,0.125375
1620,rgb,10,0,-0.9216015955844344,-0.7132275052816296,-0.42703042468502916,0.148083
1621,rgb,10,0,-0.9216015955844344,-0.7132275052816296,-0.4270469715368681,0.166666
1622,rgb,10,0,-0.9216015955844344,-0.7132275052816296,-0.42702238599423525,0.143833
1623,rgb,10,0,-0.9216015955844344,-0.7132275052816296,-0.4270476559461831,0.14975
1624,rgb,10,0,-0.9216015955844344,-0.7132275052816296,-0.427000487178987,0.138417
1625,rgb,10,0,-0.9216015955844344,-0.7132275052816296,-0.42706234527514697,0.181917
1626,rgb,10,0,-0.9216015955844344,-0.7132275052816296,-0.4270439001787172,0.163542
1627,rgb,10,0,-0.9216015955844344,-0.7132275052816296,-0.4270226303427198,0.183042
1628,rgb,10,0,-0.9216015955844344,-0.7132275052816296,-0.42701931689981665,0.170584
1629,rgb,10,0,-0.9216015955844344,-0.7132275052816296,-0.42702405232904583,0.187417
1630,rgb,10,0,-0.9216015955844344,-0.7132275052816296,-0.4270247887753844,0.158792
1631,rgb,10,0,-0.9216015955844344,-0.7132275052816296,-0.4270382156292958,0.229458
1632,rgb,10,0,-0.9216015955844344,-0.7132275052816296,-0.42703590900248445,0.160292
1633,rgb,10,0,-0.9216015955844344,-0.7132275052816296,-0.42700665364293444,0.134292
1634,rgb,10,0,-0.9216015955844344,-0.7132275052816296,-0.42701479527761466,0.15875
1635,rgb,10,0,-0.9216015955844344,-0.7132275052816296,-0.42704314902596296,0.2045
1636,rgb,10,0,-0.9216015955844344,-0.7132275052816296,-0.4270664347569668,0.201583
1637,rgb,10,0,-0.9216015955844344,-0.7132275052816296,-0.42703397794696274,0.140875
1638,rgb,10,0,-0.9216015955844344,-0.7132275052816296,-0.4270551810406009,0.159458
1639,rgb,10,0,-0.9216015955844344,-0.7132275052816296,-0.42705088566901894,0.200458
1640,rgb,10,0,-0.9216015955844344,-0.7132275052816296,-0.42702727639800786,0.153417
1641,rgb,10,0,-0.9216015955844344,-0.7132275052816296,-0.42705049764765635,0.142
1642,rgb,10,0,-0.9216015955844344,-0.7132275052816296,-0.4270448685280148,0.149542
1643,rgb,10,0,-0.9216015955844344,-0.7132275052816296,-0.42706617909118494,0.214334
1644,rgb,10,0,-0.9216015955844344,-0.7132275052816296,-0.42703632077484643,0.164167
1645,rgb,10,0,-0.9216015955844344,-0.7132275052816296,-0.42707024255889836,0.197458
1646,rgb,10,0,-0.9216015955844344,-0.7132275052816296,-0.42706299800840997,0.143875
1647,rgb,10,0,-0.9216015955844344,-0.7132275052816296,-0.42704703375341113,0.158916
1648,rgb,10,0,-0.9216015955844344,-0.7132275052816296,-0.42706075020771594,0.180584
1649,rgb,10,0,-0.9216015955844344,-0.7132275052816296,-0.42704777472511113,0.143042
1650,rgb,10,0,-0.9216015955844344,-0.7132275052816296,-0.42703375509438546,0.13675
1651,rgb,10,0,-0.9216015955844344,-0.7132275052816296,-0.4270003333286927,0.175208
1652,rgb,10,0,-0.9216015955844344,-0.7132275052816296,-0.4270290965934014,0.1635
1653,rgb,10,0,-0.9216015955844344,-0.7132275052816296,-0.42701759965905284,0.139375
1654,rgb,10,0,-0.9216015955844344,-0.7132275052816296,-0.4270316419152782,0.163958
1655,rgb,10,0,-0.9216015955844344,-0.7132275052816296,-0.42703649160114354,0.144333
1656,rgb,10,0,-0.9216015955844344,-0.7132275052816296,-0.42705181669782677,0.163792
1657,rgb,10,0,-0.9216015955844344,-0.7132275052816296,-0.4270257141453162,0.155459
1658,rgb,10,0,-0.9216015955844344,-0.7132275052816296,-0.42705294456038745,0.145958
1659,rgb,10,0,-0.9216015955844344,-0.7132275052816296,-0.4270354972305772,0.194208
1660,rgb,10,0,-0.9216015955844344,-0.7132275052816296,-0.4270446422880245,0.166208
1661,rgb,10,0,-0.9216015955844344,-0.7132275052816296,-0.42706382269818777,0.154875
1662,rgb,10,0,-0.9216015955844344,-0.7132275052816296,-0.4270407632167239,0.232959
1663,rgb,10,0,-0.9216015955844344,-0.7132275052816296,-0.42702690196085813,0.220917
1664,rgb,10,0,-0.9216015955844344,-0.7132275052816296,-0.42705330656019713,0.157458
1665,rgb,10,0,-0.9216015955844344,-0.7132275052816296,-0.42704597942804456,0.164959
1666,rgb,10,0,-0.9216015955844344,-0.7132275052816296,-0.4270595985946106,0.199916
1667,rgb,10,0,-0.9216015955844344,-0.7132275052816296,-0.42709131555977864,0.173208
1668,rgb,10,0,-0.9216015955844344,-0.7132275052816296,-0.42705628062333334,0.153667
1669,rgb,10,0,-0.9216015955844344,-0.7132275052816296,-0.42706577976343896,0.143208
1670,rgb,10,0,-0.9216015955844344,-0.7132275052816296,-0.42703766357874473,0.170125
1671,rgb,10,0,-0.9216015955844344,-0.7132275052816296,-0.42707525401704105,0.122292
1672,rgb,10,0,-0.9216015955844344,-0.7132275052816296,-0.4270433820703379,0.143875
1673,rgb,10,0,-0.9216015955844344,-0.7132275052816296,-0.42706312697657767,0.178917
1674,rgb,10,0,-0.9216015955844344,-0.7132275052816296,-0.4270561889962896,0.143834
1675,rgb,10,0,-0.9216015955844344,-0.7132275052816296,-0.4270522929579106,0.219458
1676,rgb,10,0,-0.9216015955844344,-0.7132275052816296,-0.42706212921132236,0.159958
1677,rgb,10,0,-0.9216015955844344,-0.7132275052816296,-0.4270806387872885,0.134959
1678,rgb,10,0,-0.9216015955844344,-0.7132275052816296,-0.42704591381391355,0.124458
1679,rgb,10,0,-0.9216015955844344,-0.7132275052816296,-0.4270657831590374,0.191209
1680,rgb,10,0,-0.9216015955844344,-0.7132275052816296,-0.4270319111534495,0.199333
1681,rgb,10,0,-0.9216015955844344,-0.7132275052816296,-0.427055949167539,0.168125
1682,rgb,10,0,-0.9216015955844344,-0.7132275052816296,-0.42704178812948657,0.184875
1683,rgb,10,0,-0.9216015955844344,-0.7132275052816296,-0.42704765368137076,0.133959
1684,rgb,10,0,-0.9216015955844344,-0.7132275052816296,-0.4270540384792416,0.155542
1685,rgb,10,0,-0.9216015955844344,-0.7132275052816296,-0.4270507601053173,0.147875
1686,rgb,10,0,-0.9216015955844344,-0.7132275052816296,-0.42709452605993237,0.176125
1687,rgb,10,0,-0.9216015955844344,-0.7132275052816296,-0.4270579673269599,0.144083
1688,rgb,10,0,-0.9216015955844344,-0.7132275052816296,-0.42704053244085616,0.172417
1689,rgb,10,0,-0.9216015955844344,-0.7132275052816296,-0.4270490847205797,0.143084
1690,rgb,10,0,-0.9216015955844344,-0.7132275052816296,-0.4270625839748168,0.171875
1691,rgb,10,0,-0.9216015955844344,-0.7132275052816296,-0.4270449477247671,0.166916
1692,rgb,10,0,-0.9216015955844344,-0.7132275052816296,-0.42705969814539957,0.223291
1693,rgb,10,0,-0.9216015955844344,-0.7132275052816296,-0.4270983395193757,0.205667
1694,rgb,10,0,-0.9216015955844344,-0.7132275052816296,-0.4270715344567866,0.160833
1695,rgb,10,0,-0.9216015955844344,-0.7132275052816296,-0.4270559310710955,0.178708
1696,rgb,10,0,-0.9216015955844344,-0.7132275052816296,-0.4270733478564357,0.129417
1697,rgb,10,0,-0.9216015955844344,-0.7132275052816296,-0.42709588356717676,0.158625
1698,rgb,10,0,-0.9216015955844344,-0.7132275052816296,-0.4270484942074977,0.207709
1699,rgb,10,0,-0.9216015955844344,-0.7132275052816296,-0.4270585533180342,0.188125
1700,rgb,10,0,-0.9216015955844344,-0.7132275052816296,-0.42710041197858617,0.198834
1701,rgb,10,0,-0.9216015955844344,-0.7132275052816296,-0.42710041310984015,0.159084
1702,rgb,10,0,-0.9216015955844344,-0.7132275052816296,-0.4270774101916708,0.179
1703,rgb,10,0,-0.9216015955844344,-0.7132275052816296,-0.4270745730065777,0.191875
1704,rgb,10,0,-0.9216015955844344,-0.7132275052816296,-0.42707075728704,0.128375
1705,rgb,10,0,-0.9216015955844344,-0.7132275052816296,-0.42707582982957537,0.17225
1706,rgb,10,0,-0.9216015955844344,-0.7132275052816296,-0.4270562025737512,0.210042
1707,rgb,10,0,-0.9216015955844344,-0.7132275052816296,-0.4270975567703339,0.192
1708,rgb,10,0,-0.9216015955844344,-0.7132275052816296,-0.4270883754385999,0.198416
1709,rgb,10,0,-0.9216015955844344,-0.7132275052816296,-0.427068889589193,0.143
1710,rgb,10,0,-0.9216015955844344,-0.7132275052816296,-0.4270563485076331,0.17325
1711,rgb,10,0,-0.9216015955844344,-0.7132275052816296,-0.4270874987193587,0.169083
1712,rgb,10,0,-0.9216015955844344,-0.7132275052816296,-0.42709593108675326,0.132292
1713,rgb,10,0,-0.9216015955844344,-0.7132275052816296,-0.42710729679556825,0.156667
1714,rgb,10,0,-0.9216015955844344,-0.7132275052816296,-0.4271187269857386,0.164125
1715,rgb,10,0,-0.9216015955844344,-0.7132275052816296,-0.427101717452117,0.19925
1716,rgb,10,0,-0.9216015955844344,-0.7132275052816296,-0.42711303112237364,0.22
1717,rgb,10,0,-0.9216015955844344,-0.7132275052816296,-0.42711265370776563,0.207333
1718,rgb,10,0,-0.9216015955844344,-0.7132275052816296,-0.4271250699275264,0.199583
1719,rgb,10,0,-0.9216015955844344,-0.7132275052816296,-0.42714162809166045,0.209125
1720,rgb,10,0,-0.9216015955844344,-0.7132275052816296,-0.4271078103865442,0.168708
1721,rgb,10,0,-0.9216015955844344,-0.7132275052816296,-0.4271107765345754,0.189583
1722,rgb,10,0,-0.9216015955844344,-0.7132275052816296,-0.4271159825654671,0.146959
1723,rgb,10,0,-0.9216015955844344,-0.7132275052816296,-0.4270880473811325,0.219584
1724,rgb,10,0,-0.9216015955844344,-0.7132275052816296,-0.4271518274797039,0.150542
1725,rgb,10,0,-0.9216015955844344,-0.7132275052816296,-0.42717917893942503,0.1445
1726,rgb,10,0,-0.9216015955844344,-0.7132275052816296,-0.42720466382861777,0.259375
1727,rgb,10,0,-0.9216015955844344,-0.7132275052816296,-0.42726340871349966,0.192166
1728,rgb,10,0,-0.9216015955844344,-0.7132275052816296,-0.42720395339684036,0.164708
1729,rgb,10,0,-0.9216015955844344,-0.7132275052816296,-0.42718004044736735,0.158875
1730,rgb,10,0,-0.9216015955844344,-0.7132275052816296,-0.42706539741057203,0.167
1731,rgb,10,0,-0.9216015955844344,-0.7132275052816296,-0.42703076293919584,0.194291
1732,rgb,10,0,-0.9216015955844344,-0.7132275052816296,-0.42704511855181626,0.172333
1733,rgb,10,0,-0.9216015955844344,-0.7132275052816296,-0.42702799476019426,0.144541
1734,rgb,10,0,-0.9216015955844344,-0.7132275052816296,-0.4269971386754172,0.189833
1735,rgb,10,0,-0.9216015955844344,-0.7132275052816296,-0.4270495451462033,0.174583
1736,rgb,10,0,-0.9216015955844344,-0.7132275052816296,-0.42709338802588026,0.191083
1737,rgb,10,0,-0.9216015955844344,-0.7132275052816296,-0.42701541634660534,0.158041
1738,rgb,10,0,-0.9216015955844344,-0.7132275052816296,-0.4270190702968215,0.156459
1739,rgb,10,0,-0.9216015955844344,-0.7132275052816296,-0.4271022491388543,0.132042
1740,rgb,10,0,-0.9216015955844344,-0.7132275052816296,-0.4271223605732779,0.156
1741,rgb,10,0,-0.9216015955844344,-0.7132275052816296,-0.4270452124450934,0.18525
1742,rgb,10,0,-0.9216015955844344,-0.7132275052816296,-0.42703376867980514,0.178583
1743,rgb,10,0,-0.9216015955844344,-0.7132275052816296,-0.42701182348396505,0.128833
1744,rgb,10,0,-0.9216015955844344,-0.7132275052816296,-0.42699823259813674,0.131292
1745,rgb,10,0,-0.9216015955844344,-0.7132275052816296,-0.42699830386713633,0.139375
1746,rgb,10,0,-0.9216015955844344,-0.7132275052816296,-0.42702362359209123,0.17175
1747,rgb,10,0,-0.9216015955844344,-0.7132275052816296,-0.4269893873229613,0.197708
1748,rgb,10,0,-0.9216015955844344,-0.7132275052816296,-0.42698352403389994,0.162542
1749,rgb,10,0,-0.9216015955844344,-0.7132275052816296,-0.42703434788204153,0.169458
1750,rgb,10,0,-0.9216015955844344,-0.7132275052816296,-0.42698723115249426,0.22525
1751,rgb,10,0,-0.9216015955844344,-0.7132275052816296,-0.42699741130768065,0.135958
1752,rgb,10,0,-0.9216015955844344,-0.7132275052816296,-0.4269898070183864,0.236583
1753,rgb,10,0,-0.9216015955844344,-0.7132275052816296,-0.426993636313042,0.167084
1754,rgb,10,0,-0.9216015955844344,-0.7132275052816296,-0.426962151254471,0.1995
1755,rgb,10,0,-0.9216015955844344,-0.7132275052816296,-0.42703222225513504,0.165542
1756,rgb,10,0,-0.9216015955844344,-0.7132275052816296,-0.4266893414428943,0.156709
1757,rgb,10,0,-0.9216015955844344,-0.7132275052816296,-0.4265725100599831,0.161458
1758,rgb,10,0,-0.9216015955844344,-0.7132275052816296,-0.4264763161450411,0.17075
1759,rgb,10,0,-0.9216015955844344,-0.7132275052816296,-0.42648219527204323,0.150208
1760,rgb,10,0,-0.9216015955844344,-0.7132275052816296,-0.4264337029390355,0.16125
1761,rgb,10,0,-0.9216015955844344,-0.7132275052816296,-0.42640715693146025,0.175083
1762,rgb,10,0,-0.9216015955844344,-0.7132275052816296,-0.4264826771805439,0.162708
1763,rgb,10,0,-0.9216015955844344,-0.7132275052816296,-0.42653958604300546,0.1455
1764,rgb,10,0,-0.9216015955844344,-0.7132275052816296,-0.4267015295782095,0.167917
1765,rgb,10,0,-0.9216015955844344,-0.7132275052816296,-0.42673561086580425,0.16375
1766,rgb,10,0,-0.9216015955844344,-0.7132275052816296,-0.4267342624111017,0.199833
1767,rgb,10,0,-0.9216015955844344,-0.7132275052816296,-0.4267314953637389,0.189958
1768,rgb,10,0,-0.9216015955844344,-0.7132275052816296,-0.4266663407931184,0.173917
1769,rgb,10,0,-0.9216015955844344,-0.7132275052816296,-0.42664862196094977,0.150584
1770,rgb,10,0,-0.9216015955844344,-0.7132275052816296,-0.4265901745936127,0.234834
1771,rgb,10,0,-0.9216015955844344,-0.7132275052816296,-0.42645654409413614,0.157709
1772,rgb,10,0,-0.9216015955844344,-0.7132275052816296,-0.42643101961100105,0.1755
1773,rgb,10,0,-0.9216015955844344,-0.7132275052816296,-0.426418072409134,0.170334
1774,rgb,10,0,-0.9216015955844344,-0.7132275052816296,-0.4264137702504478,0.154583
1775,rgb,10,0,-0.9216015955844344,-0.7132275052816296,-0.4263265686696933,0.187167
1776,rgb,10,0,-0.9216015955844344,-0.7132275052816296,-0.42631633534635616,0.181375
1777,rgb,10,0,-0.9216015955844344,-0.7132275052816296,-0.4262915065830122,0.129333
1778,rgb,10,0,-0.9216015955844344,-0.7132275052816296,-0.42630501262480824,0.151
1779,rgb,10,0,-0.9216015955844344,-0.7132275052816296,-0.4263154970860079,0.125959
1780,rgb,10,0,-0.9216015955844344,-0.7132275052816296,-0.42627898699645006,0.237666
1781,rgb,10,0,-0.9216015955844344,-0.7132275052816296,-0.426281425979979,0.178709
1782,rgb,10,0,-0.9216015955844344,-0.7132275052816296,-0.42630012900183023,0.132958
1783,rgb,10,0,-0.9216015955844344,-0.7132275052816296,-0.42630810207985737,0.147375
1784,rgb,10,0,-0.8806291774580253,-0.7318355936540201,-0.42630910663346744,0.153542
1785,rgb,10,0,-0.8393471967854759,-0.7497464303667831,-0.40935597172419524,0.18925
1786,rgb,10,0,-0.8393471967854759,-0.7497464303667831,-0.4014578720037172,0.223875
1787,rgb,10,0,-0.8393471967854759,-0.7497464303667831,-0.43299670493642783,0.167541
1788,rgb,10,0,-0.8393471967854759,-0.7497464303667831,-0.43179868382348663,0.158584
1789,rgb,10,0,-0.8393471967854759,-0.7497464303667831,-0.4314596604329346,0.180416
1790,rgb,10,0,-0.8393471967854759,-0.7497464303667831,-0.4314141061097836,0.181416
1791,rgb,10,0,-0.8393471967854759,-0.7497464303667831,-0.43189340993403325,0.190375
1792,rgb,10,0,-0.8393471967854759,-0.7497464303667831,-0.4316881342877388,0.231792
1793,rgb,10,0,-0.8393471967854759,-0.7497464303667831,-0.4316573913295507,0.162375
1794,rgb,10,0,-0.8393471967854759,-0.7497464303667831,-0.43165905370726354,0.152834
1795,rgb,10,0,-0.8393471967854759,-0.7497464303667831,-0.4316824559572716,0.164792
1796,rgb,10,0,-0.8393471967854759,-0.7497464303667831,-0.43169467194540734,0.17625
1797,rgb,10,0,-0.8393471967854759,-0.7497464303667831,-0.4316603562046304,0.196333
1798,rgb,10,0,-0.8393471967854759,-0.7497464303667831,-0.431589636566897,0.194625
1799,rgb,10,0,-0.8393471967854759,-0.7497464303667831,-0.4316332690331557,0.147584
1800,rgb,10,0,-0.8393471967854759,-0.7497464303667831,-0.43162417997329716,0.16525
1801,rgb,10,0,-0.8393471967854759,-0.7497464303667831,-0.4316115285945863,0.202334
1802,rgb,10,0,-0.8393471967854759,-0.7497464303667831,-0.4316564733161805,0.142833
1803,rgb,10,0,-0.8393471967854759,-0.7497464303667831,-0.43159888061192864,0.138625
1804,rgb,10,0,-0.8393471967854759,-0.7497464303667831,-0.4315607986426777,0.155958
1805,rgb,10,0,-0.8393471967854759,-0.7497464303667831,-0.4319655850776336,0.158541
1806,rgb,10,0,-0.8393471967854759,-0.7497464303667831,-0.43193079618860897,0.15875
1807,rgb,10,0,-0.8393471967854759,-0.7497464303667831,-0.43193345689785123,0.185458
1808,rgb,10,0,-0.8393471967854759,-0.7497464303667831,-0.43194041750318424,0.169958
1809,rgb,10,0,-0.8393471967854759,-0.7497464303667831,-0.431926229316715,0.245916
1810,rgb,10,0,-0.8393471967854759,-0.7497464303667831,-0.43187831844549796,0.1305
1811,rgb,10,0,-0.8393471967854759,-0.7497464303667831,-0.431925205531271,0.174458
1812,rgb,10,0,-0.8393471967854759,-0.7497464303667831,-0.4319297101848598,0.199584
1813,rgb,10,0,-0.8393471967854759,-0.7497464303667831,-0.4319563778009716,0.158708
1814,rgb,10,0,-0.8393471967854759,-0.7497464303667831,-0.4319100260837978,0.157
1815,rgb,10,0,-0.8393471967854759,-0.7497464303667831,-0.43195734898488003,0.135125
1816,rgb,10,0,-0.8393471967854759,-0.7497464303667831,-0.43196372982281095,0.16775
1817,rgb,10,0,-0.8393471967854759,-0.7497464303667831,-0.4319505213021977,0.19175
1818,rgb,10,0,-0.8393471967854759,-0.7497464303667831,-0.431891375384722,0.191041
1819,rgb,10,0,-0.8393471967854759,-0.7497464303667831,-0.4317981945602434,0.194041
1820,rgb,10,0,-0.8393471967854759,-0.7497464303667831,-0.4318234854378453,0.202875
1821,rgb,10,0,-0.8393471967854759,-0.7497464303667831,-0.431803728087899,0.165042
1822,rgb,10,0,-0.8393471967854759,-0.7497464303667831,-0.4317014491513611,0.147
1823,rgb,10,0,-0.8393471967854759,-0.7497464303667831,-0.43173414974232505,0.170667
1824,rgb,10,0,-0.8393471967854759,-0.7497464303667831,-0.4318423513592926,0.135
1825,rgb,10,0,-0.8393471967854759,-0.7497464303667831,-0.4318629882597371,0.22975
1826,rgb,10,0,-0.8393471967854759,-0.7497464303667831,-0.4318246687268321,0.182875
1827,rgb,10,0,-0.8393471967854759,-0.7497464303667831,-0.43182795106024163,0.200375
1828,rgb,10,0,-0.8393471967854759,-0.7497464303667831,-0.4318234695978582,0.225667
1829,rgb,10,0,-0.8393471967854759,-0.7497464303667831,-0.43182274715080315,0.146166
1830,rgb,10,0,-0.8393471967854759,-0.7497464303667831,-0.43183223568529105,0.125292
1831,rgb,10,0,-0.8393471967854759,-0.7497464303667831,-0.43184380728278815,0.179
1832,rgb,10,0,-0.8393471967854759,-0.7497464303667831,-0.4318376460491742,0.1435
1833,rgb,10,0,-0.8393471967854759,-0.7497464303667831,-0.4317599344126244,0.150083
1834,rgb,10,0,-0.8393471967854759,-0.7497464303667831,-0.4317506123147574,0.128209
1835,rgb,10,0,-0.8393471967854759,-0.7497464303667831,-0.4317216790800409,0.153917
1836,rgb,10,0,-0.8393471967854759,-0.7497464303667831,-0.43170617326494143,0.150625
1837,rgb,10,0,-0.8393471967854759,-0.7497464303667831,-0.43170972540245534,0.128584
1838,rgb,10,0,-0.8393471967854759,-0.7497464303667831,-0.431735829653902,0.162084
1839,rgb,10,0,-0.8393471967854759,-0.7497464303667831,-0.43191057784132103,0.165042
1840,rgb,10,0,-0.8393471967854759,-0.7497464303667831,-0.43183397667597423,0.190041
1841,rgb,10,0,-0.8393471967854759,-0.7497464303667831,-0.4317313645806131,0.142125
1842,rgb,10,0,-0.8393471967854759,-0.7497464303667831,-0.43172412851434605,0.14025
1843,rgb,10,0,-0.8393471967854759,-0.7497464303667831,-0.4318935808814637,0.135834
1844,rgb,10,0,-0.8393471967854759,-0.7497464303667831,-0.43208898903411286,0.217417
1845,rgb,10,0,-0.8393471967854759,-0.7497464303667831,-0.4328587050231214,0.177167
1846,rgb,10,0,-0.8393471967854759,-0.7497464303667831,-0.4332240830963052,0.159708
1847,rgb,10,0,-0.8393471967854759,-0.7497464303667831,-0.43328644403389593,0.193
1848,rgb,10,0,-0.8393471967854759,-0.7497464303667831,-0.43320641290937023,0.150709
1849,rgb,10,0,-0.8393471967854759,-0.7497464303667831,-0.4328001835938118,0.1435
1850,rgb,10,0,-0.8393471967854759,-0.7497464303667831,-0.43274645553627455,0.152042
1851,rgb,10,0,-0.8393471967854759,-0.7497464303667831,-0.43274590207026553,0.163625
1852,rgb,10,0,-0.8393471967854759,-0.7497464303667831,-0.43274972570877357,0.16175
1853,rgb,10,0,-0.8393471967854759,-0.7497464303667831,-0.43273087618915373,0.179583
1854,rgb,10,0,-0.8393471967854759,-0.7497464303667831,-0.43277976446158495,0.206625
1855,rgb,10,0,-0.8393471967854759,-0.7497464303667831,-0.4328794432037022,0.17175
1856,rgb,10,0,-0.8393471967854759,-0.7497464303667831,-0.4334642602295127,0.158542
1857,rgb,10,0,-0.8393471967854759,-0.7497464303667831,-0.43353866605654834,0.161708
1858,rgb,6,0,-0.7975967916222814,-0.7665364175230946,-0.38235972269073604,0.218
1859,rgb,8,0,-0.7557900377266494,-0.7831856015484476,-0.3789895028491366,0.364083
1860,rgb,8,0,-0.7139297764787078,-0.7996997932711472,-0.37576261145629464,0.361458
1861,rgb,8,0,-0.6720514226477889,-0.8161680500220108,-0.37466550787546216,0.325958
1862,rgb,7,0,-0.6491733788651546,-0.8252099034094454,-0.37637864012837885,0.400375
1863,rgb,9,0,-0.626378872370793,-0.8344603344090534,-0.38551218581021307,0.354625
1864,rgb,9,0,-0.6056641942478255,-0.8424442000305332,-0.36787517700911043,0.373542
1865,rgb,10,0,-0.5845482501535741,-0.8492967108848444,-0.3137961808276224,0.338167
1866,rgb,10,0,-0.5620458209260584,-0.8557154863802675,-0.27786861692190645,0.22375
1867,rgb,10,0,-0.5539109081402719,-0.8578090942632407,-0.25189441215813635,0.166542
1868,rgb,9,0,-0.542135779769049,-0.8601213122117097,-0.19389751699388502,0.281209
1869,rgb,7,0,-0.530212595598537,-0.861476922493483,-0.11320918944299696,0.431417
1870,rgb,11,0,-0.5487411107399544,-0.8598477734351503,-0.08770104084730623,0.384416
1871,rgb,11,0,-0.5672766024308274,-0.8583000177123129,-0.08330900600746749,0.1625
1872,rgb,11,0,-0.5451533313135036,-0.8601441638750081,-0.08316548279587654,0.204417
1873,rgb,11,0,-0.5003080269582109,-0.8638722568568363,-0.08294157473180452,0.161
1874,rgb,11,0,-0.4781750499274771,-0.8655960108291343,-0.07772480951432148,0.204875
1875,rgb,11,0,-0.45603152451662715,-0.8671785032869497,-0.07134395161453644,0.247125
1876,rgb,11,0,-0.4302909750585795,-0.868928964254182,-0.06789948557313541,0.171292
1877,rgb,11,0,-0.40811057891112923,-0.8698617164946906,-0.04202823851998905,0.156667
1878,rgb,11,0,-0.38471068305572637,-0.8699315302204238,-0.0029834969788418153,0.188583
1879,rgb,10,0,-0.3613198298608745,-0.8692773232066363,0.027961208030618634,0.245667
1880,rgb,10,0,-0.3379326145247415,-0.868503915926256,0.033057613775171246,0.158833
1881,rgb,10,0,-0.31814606361344333,-0.8677742563929083,0.03685983760472378,0.256333
1882,rgb,10,0,-0.29476371195840745,-0.8668656139548492,0.03884063848484298,0.186958
1883,rgb,10,0,-0.27149449949287785,-0.8643950368493853,0.10577736237276336,0.242
1884,rgb,10,0,-0.2482644413335439,-0.8615800061365934,0.12059253269065162,0.179834
1885,rgb,10,0,-0.22504544032387103,-0.8586751839195186,0.12445876352678975,0.148959
1886,rgb,9,0,-0.2018373200357556,-0.8556846734794155,0.12815005961995563,0.167458
1887,rgb,12,0,-0.17865525127044607,-0.8524985021468502,0.1365854523722454,0.344833
1888,rgb,12,0,-0.1555020573859933,-0.8491088689883891,0.1453675550986453,0.178625
1889,rgb,12,0,-0.13240400623723683,-0.8453618657685573,0.1608206720669194,0.212834
1890,rgb,11,0,-0.10987361247760115,-0.8390419482820889,0.27347813710760316,0.245417
1891,rgb,9,0,-0.09037838613533095,-0.8312357872625061,0.38086319878887376,0.231417
1892,rgb,11,0,-0.07123637317925166,-0.8225996226051312,0.4238205121476575,0.344917
1893,rgb,11,0,-0.0521589812806353,-0.8138216320408501,0.43124214817028483,0.215958
1894,rgb,11,0,-0.04237902482431497,-0.8092398800056044,0.43811836490597567,0.237958
1895,rgb,11,0,-0.0316114100495907,-0.8039428551743298,0.457179174071215,0.217166
1896,rgb,11,0,-0.02086308267331928,-0.7986068024560282,0.4608069812059774,0.150875
1897,rgb,10,0,-0.010142449038489872,-0.7932153263624371,0.46597008641067883,0.221667
1898,rgb,9,0,0.0006240129423476098,-0.7879159588138346,0.45739675640318533,0.256042
1899,rgb,9,0,0.011353482707150876,-0.7825420888334412,0.46432849905643603,0.448292
1900,rgb,10,0,0.022070918678776842,-0.7771442590663868,0.4665628331825509,0.375833
1901,rgb,10,0,0.0327718150910529,-0.7717137143447463,0.4696176862456276,0.183667
1902,rgb,10,0,0.04345351502225858,-0.7662455074558585,0.4731403761655464,0.157208
1903,rgb,10,0,0.0541229123836731,-0.760753334848935,0.475385291978754,0.149958
1904,rgb,10,0,0.0541229123836731,-0.760753334848935,0.47997185775268814,0.168125
1905,rgb,10,0,0.0541229123836731,-0.760753334848935,0.48507741420719763,0.153541
1906,rgb,10,0,0.0541229123836731,-0.760753334848935,0.4860414235848374,0.181958
1907,rgb,10,0,0.0541229123836731,-0.760753334848935,0.4865526881879567,0.223625
1908,rgb,10,0,0.0541229123836731,-0.760753334848935,0.48648522133255834,0.165291
1909,rgb,10,0,0.0541229123836731,-0.760753334848935,0.48667135333774136,0.192334
1910,rgb,10,0,0.0541229123836731,-0.760753334848935,0.4865831177924782,0.169041
1911,rgb,10,0,0.0541229123836731,-0.760753334848935,0.4865831177924782,0.203208
1912,rgb,10,0,0.0541229123836731,-0.760753334848935,0.48661391731396075,0.15175
1913,rgb,10,0,0.0541229123836731,-0.760753334848935,0.48664237287478396,0.135958
1914,rgb,10,0,0.09390026034103546,-0.7397114102820396,0.4865718097792786,0.14175
1915,rgb,10,0,0.1336484575713381,-0.7186144717140633,0.48795536501741377,0.146041
1916,rgb,10,0,0.17332160181786277,-0.6973767311187353,0.4915010588377562,0.204333
1917,rgb,10,0,0.21289732315197574,-0.6759579944406622,0.4960688407666829,0.199166
1918,rgb,10,0,0.25242138006344356,-0.6544440704550418,0.4984756050765362,0.187625
1919,rgb,8,0,0.2918085364968167,-0.6326805250615865,0.5048022236808982,0.256541
1920,rgb,9,0,0.33098466794771214,-0.6105393705175668,0.5144150149211135,0.379292
1921,rgb,9,0,0.33098466794771214,-0.6105393705175668,0.6131368320569244,0.380542
1922,rgb,12,0,0.33098466794771214,-0.6105393705175668,0.652932510165855,0.340458
1923,rgb,12,0,0.33098466794771214,-0.6105393705175668,0.7009222883865085,0.227583
1924,rgb,12,0,0.33098466794771214,-0.6105393705175668,0.7068463386170414,0.20425
1925,rgb,12,0,0.33098466794771214,-0.6105393705175668,0.6970656839333322,0.24575
1926,rgb,12,0,0.3659881498847167,-0.5822594084899084,0.6795507044665363,0.188084
1927,rgb,12,0,0.40131642292794145,-0.554386247137393,0.6679827821574953,0.200916
1928,rgb,12,0,0.4378569268422245,-0.5281223636909135,0.6232064803264883,0.21325
1929,rgb,11,0,0.47433171629109344,-0.5017672933123188,0.6257042278669622,0.199459
1930,rgb,11,0,0.5104168858105563,-0.4748812273905142,0.6403400152124312,0.230417
1931,rgb,11,0,0.5460475726028569,-0.4473957010410156,0.657057279641166,0.2745
1932,rgb,9,0,0.5813102047849067,-0.4194395430146797,0.6703342645563033,0.21725
1933,rgb,7,0,0.6195107783943861,-0.3956547542641621,0.5568925812043097,0.4165
1934,rgb,7,0,0.6593045538764447,-0.37464391342226544,0.4857905282772925,0.386125
1935,rgb,8,0,0.6593045538764447,-0.37464391342226544,0.4500901027716544,0.406333
1936,rgb,6,0,0.6593045538764447,-0.37464391342226544,0.4591589131526497,0.34175
1937,rgb,10,0,0.6593045538764447,-0.37464391342226544,0.4692496125720289,0.312875
1938,rgb,10,0,0.6593045538764447,-0.37464391342226544,0.47257682556694713,0.227292
1939,rgb,10,0,0.6593045538764447,-0.37464391342226544,0.48100570092385975,0.163209
1940,rgb,10,0,0.6991274224346539,-0.35368826645550266,0.4844040376268175,0.203083
1941,rgb,10,0,0.7388180289114735,-0.33248317844572906,0.4906781999528256,0.156417
1942,rgb,10,0,0.7784628062609977,-0.311192531933548,0.4928350804041919,0.191542
1943,rgb,10,0,0.8180442994111283,-0.2897844633610176,0.4957992985512909,0.211584
1944,rgb,10,0,0.8180442994111283,-0.2897844633610176,0.5347687258984741,0.284
1945,rgb,9,0,0.8180442994111283,-0.2897844633610176,0.5731033526029286,0.215708
1946,rgb,11,0,0.8180442994111283,-0.2897844633610176,0.6648955188359913,0.433291
1947,rgb,11,0,0.8180442994111283,-0.2897844633610176,0.685533137213796,0.2805
1948,rgb,11,0,0.851563029258673,-0.25975956120618426,0.7304703417833742,0.262917
1949,rgb,11,0,0.8848560909459775,-0.2294846203559475,0.737955174096286,0.230625
1950,rgb,11,0,0.918005873189707,-0.19905286166221894,0.7426755485724506,0.263625
1951,rgb,11,0,0.9504781529076124,-0.16789919334014003,0.7646767014305886,0.260916
1952,rgb,11,0,0.9822816049915765,-0.1360630435172892,0.7859119588177499,0.235583
1953,rgb,10,0,1.0104643978773287,-0.10098127923499023,0.8940185049217042,0.213
1954,rgb,9,0,1.0344378323453074,-0.06289881030492313,1.0089578145783242,0.204708
1955,rgb,13,0,1.0344378323453074,-0.06289881030492313,1.0974194371741113,0.42375
1956,rgb,13,0,1.0344378323453074,-0.06289881030492313,1.1154539977799949,0.237083
1957,rgb,10,0,1.0344378323453074,-0.06289881030492313,1.1291125148203072,0.288416
1958,rgb,10,0,1.0344378323453074,-0.06289881030492313,1.1332542003732022,0.195875
1959,rgb,10,0,1.0532529896613347,-0.02202106752021024,1.1394275232817825,0.154292
1960,rgb,10,0,1.0717132373634684,0.019018172906189873,1.1480925736617145,0.200208
1961,rgb,10,0,1.0900971548580134,0.06009166286691462,1.1499517296109196,0.224
1962,rgb,10,0,1.1083137702134802,0.10123962666818878,1.1540212735202011,0.259542
1963,rgb,9,0,1.1083137702134802,0.10123962666818878,1.1609177767898735,0.231292
1964,rgb,10,0,1.1083137702134802,0.10123962666818878,1.168428656332552,0.3385
1965,rgb,10,0,1.125561457757765,0.14280303935741245,1.177449332237601,0.224875
1966,rgb,10,0,1.1424891857807575,0.18449778751565893,1.185135256186485,0.2395
1967,rgb,10,0,1.1592672365149295,0.22625299094662732,1.1887224872264859,0.174583
1968,rgb,10,0,1.1756888413781974,0.2681496601903117,1.1972445609647628,0.222916
1969,rgb,10,0,1.191209189237662,0.3103884906940226,1.2186676828790304,0.198291
1970,rgb,10,0,1.2042178118809261,0.353467206284499,1.2775301343429681,0.213583
1971,rgb,8,0,1.2134720043222749,0.39750537066788905,1.3636697760451433,0.271084
1972,rgb,10,0,1.2183886480399502,0.4422359710948165,1.4613190224993822,0.4475
1973,rgb,10,0,1.21750921341028,0.48722737688227924,1.590340562783539,0.252125
1974,rgb,10,0,1.21750921341028,0.48722737688227924,1.6519859402108785,0.339208
1975,rgb,10,0,1.21750921341028,0.48722737688227924,1.6595101968053576,0.248292
1976,rgb,10,0,1.21750921341028,0.48722737688227924,1.64461078277266,0.191625
1977,rgb,10,0,1.21750921341028,0.48722737688227924,1.6047342844907042,0.282333
1978,rgb,10,0,1.21750921341028,0.48722737688227924,1.601351248951986,0.222042
1979,rgb,10,0,1.2161746376319171,0.5322075826120423,1.6004579155490581,0.227208
1980,rgb,10,0,1.2153269952868255,0.5771995985977125,1.5896339374379103,0.197583
1981,rgb,10,0,1.2149603356966485,0.6221981048034182,1.5789444078476016,0.207167
1982,rgb,10,0,1.2147282997592008,0.6671975065697054,1.5759527038101886,0.205458
1983,rgb,10,0,1.2151428094076346,0.7121955974375562,1.5615848710079525,0.22775
1984,rgb,10,0,1.2162560482803928,0.757181825321345,1.5460551611398194,0.227291
1985,rgb,10,0,1.2178562166376445,0.802153365891226,1.5352295317937468,0.200375
1986,rgb,10,0,1.2206384295562238,0.8470672756662132,1.5089299154718254,0.236583
1987,rgb,10,0,1.2239958651051244,0.89194185228299,1.4961172535334561,0.227375
1988,rgb,10,0,1.2274557944571154,0.9368086427730533,1.4938330503430997,0.206792
1989,rgb,10,0,1.2309167181067837,0.9816753565761743,1.4938108892186654,0.235042
1990,rgb,10,0,1.2343850627624844,1.0265414973211646,1.4936454870133538,0.1965
1991,rgb,10,0,1.2343850627624844,1.0265414973211646,1.4934971642017707,0.274167
1992,rgb,10,0,1.2343850627624844,1.0265414973211646,1.4932626223110936,0.193709
1993,rgb,10,0,1.2343850627624844,1.0265414973211646,1.493165845366392,0.210959
1994,rgb,10,0,1.2343850627624844,1.0265414973211646,1.4931461474064498,0.206125
1995,rgb,10,0,1.2343850627624844,1.0265414973211646,1.4930805052593576,0.163917
1996,rgb,10,0,1.2343850627624844,1.0265414973211646,1.4930459276350383,0.197917
1997,rgb,10,0,1.2343850627624844,1.0265414973211646,1.4929994692996196,0.235291
1998,rgb,10,0,1.2343850627624844,1.0265414973211646,1.4930214443323429,0.204125
1999,rgb,10,0,1.2343850627624844,1.0265414973211646,1.4930611305592982,0.18425
2000,rgb,10,0,1.2343850627624844,1.0265414973211646,1.4930070772664557,0.166
2001,rgb,10,0,1.2343850627624844,1.0265414973211646,1.4931027027253811,0.187125
2002,rgb,10,0,1.2343850627624844,1.0265414973211646,1.4932404317717818,0.193958
2003,rgb,10,0,1.2343850627624844,1.0265414973211646,1.4933239774239417,0.208375
2004,rgb,10,0,1.2343850627624844,1.0265414973211646,1.4934502352683274,0.179292
2005,rgb,10,0,1.2343850627624844,1.0265414973211646,1.4931807134256168,0.196458
2006,rgb,10,0,1.2343850627624844,1.0265414973211646,1.493188164995744,0.197584
2007,rgb,5,0,1.2343850627624844,1.0265414973211646,1.646337143944337,0.230708
2008,rgb,10,0,1.2343850627624844,1.0265414973211646,1.6483879055434307,0.369333
2009,rgb,9,0,1.2343850627624844,1.0265414973211646,1.653024000914528,0.152417
2010,rgb,12,0,1.2343850627624844,1.0265414973211646,1.6652131945432564,0.335333
2011,rgb,12,0,1.2343850627624844,1.0265414973211646,1.6636211064017778,0.173125
2012,rgb,12,0,1.2302386863943173,1.0713500630537731,1.6630689064462139,0.158208
2013,rgb,12,0,1.2256405411171485,1.1161145250745552,1.673155984883423,0.365
2014,rgb,12,0,1.2201985318281727,1.160784252350404,1.6920265974898292,0.280792
2015,rgb,12,0,1.2145839620515948,1.2054326185716213,1.6958905463528289,0.220292
2016,rgb,12,0,1.208695162077086,1.2500456439662326,1.7020349572834028,0.281542
2017,rgb,12,0,1.2023491919618483,1.2945959376049563,1.7122895359483017,0.255541
2018,rgb,12,0,1.1945269168359258,1.3389108562199596,1.7455121926453365,0.262375
2019,rgb,10,0,1.1848411569504569,1.382856118256282,1.7877329974856628,0.224708
2020,rgb,8,0,1.1848411569504569,1.382856118256282,1.8397536552932514,0.266875
2021,rgb,14,0,1.1848411569504569,1.382856118256282,1.9191507599737896,0.458167
2022,rgb,13,0,1.1848411569504569,1.382856118256282,1.918317008398234,0.194375
2023,rgb,13,0,1.17063427869858,1.4255546499679972,1.8919994771552673,0.224
2024,rgb,13,0,1.1565473655757588,1.4682929100948447,1.8891912010570457,0.191
2025,rgb,13,0,1.143000186096053,1.5112053083981865,1.8765882273276737,0.274167
2026,rgb,13,0,1.1307395339766604,1.5545028419261744,1.8467440587540558,0.21
2027,rgb,12,0,1.121467962413145,1.5985373506749117,1.7783175316711357,0.246583
2028,rgb,12,0,1.121467962413145,1.5985373506749117,1.8064922710021427,0.24875
2029,rgb,12,0,1.121467962413145,1.5985373506749117,1.812090701523929,0.212459
2030,rgb,12,0,1.121467962413145,1.5985373506749117,1.8155081317366502,0.224833
2031,rgb,12,0,1.1105541116349031,1.6421938262677749,1.815769209597719,0.3125
2032,rgb,12,0,1.0996584938857654,1.6858548559609083,1.8153515836296072,0.211166
2033,rgb,12,0,1.0887290477539506,1.7295074298512503,1.8161264544308586,0.225125
2034,rgb,11,0,1.077837783358536,1.7731695456940397,1.8152518768750532,0.223916
2035,rgb,11,0,1.0667453127944033,1.8167809787911515,1.8198627999939425,0.169417
2036,rgb,11,0,1.0551084338645833,1.8602503133705157,1.8323661641173465,0.239334
2037,rgb,11,0,1.0551084338645833,1.8602503133705157,1.8457706089087231,0.220583
2038,rgb,11,0,1.0551084338645833,1.8602503133705157,1.859159005149494,0.2405
2039,rgb,7,0,1.0551084338645833,1.8602503133705157,1.869095280110131,0.234042
2040,rgb,11,0,1.0551084338645833,1.8602503133705157,1.8686772570784604,0.43
2041,rgb,11,0,1.0486267107848088,1.8814830066974848,1.8670817529621935,0.208916
2042,rgb,11,0,1.0428450117223198,1.9004200591595448,1.867118865293677,0.148792
2043,rgb,11,0,1.037070304860204,1.9193592450094337,1.8667496522669615,0.204667
2044,rgb,11,0,1.0239702443181902,1.9624102428352166,1.8661857787067937,0.195542
2045,rgb,9,0,1.0100665972498943,2.0052084740860554,1.8849061112399148,0.199042
2046,rgb,10,0,0.9962108427215466,2.048022234332618,1.8837872835122915,0.343417
2047,rgb,9,0,0.9824357222136012,2.090862006215666,1.8819044890827434,0.246292
2048,rgb,9,0,0.9688096824530392,2.1337494290858223,1.8784264656263339,0.396208
2049,rgb,8,0,0.9552510955975299,2.1766582244835213,1.8768540678559738,0.322666
2050,rgb,9,0,0.941620273857737,2.2195441277466914,1.878537968337995,0.385
2051,rgb,10,0,0.928136400424799,2.2624764600528278,1.8751133310855301,0.4025
2052,rgb,10,0,0.9154559050295589,2.3006241341173275,1.8917115687639388,0.21025
2053,reseed,3,0,0.9154559050295589,2.3006241341173275,1.8917115687639388,0.465417
2054,bootstrap,3,0,0.9154559050295589,2.3006241341173275,1.8917115687639388,0.15175
2055,rgb,10,0,0.9154559050295589,2.3006241341173275,1.9803385644466551,0.300583
2056,rgb,9,0,0.9154559050295589,2.3006241341173275,2.004322517967311,0.255125
2057,rgb,9,0,0.9154559050295589,2.3006241341173275,1.9623951803208266,0.460667
2058,rgb,9,0,0.9154559050295589,2.3006241341173275,1.903185516899911,0.361083
2059,rgb,12,0,0.9009310707462275,2.3432155556601892,1.8994553273790453,0.376166
2060,rgb,12,0,0.8864374837465409,2.38581762058529,1.8987217670204055,0.276708
2061,rgb,12,0,0.8720247465617169,2.428447105766807,1.8968245871495393,0.22
2062,rgb,11,0,0.8577589980004701,2.471126004744959,1.8933785371612695,0.209041
2063,rgb,10,0,0.8438738565111756,2.5139302433881388,1.884473750380793,0.196417
2064,rgb,9,0,0.8302235630355579,2.5568099529024244,1.8789920369293478,0.215333
2065,rgb,8,0,0.8302235630355579,2.5568099529024244,1.8764014803003457,0.33875
2066,rgb,9,0,0.8302235630355579,2.5568099529024244,1.8761953086489749,0.42125
2067,rgb,12,0,0.8302235630355579,2.5568099529024244,1.8754195370841709,0.359625
2068,rgb,12,0,0.8302235630355579,2.5568099529024244,1.8850888353902784,0.266541
2069,rgb,11,0,0.8302235630355579,2.5568099529024244,1.886667776400217,0.263833
2070,rgb,11,0,0.8302235630355579,2.5568099529024244,1.8868429207344244,0.327667
2071,rgb,11,0,0.8302235630355579,2.5568099529024244,1.886791802970337,0.234084
2072,rgb,11,0,0.8302235630355579,2.5568099529024244,1.8868198760649912,0.210041
2073,rgb,11,0,0.8302235630355579,2.5568099529024244,1.8868010129193218,0.233625
2074,rgb,11,0,0.8302235630355579,2.5568099529024244,1.8868475326492709,0.230375
2075,rgb,11,0,0.8272402825100706,2.5659346467222877,1.8867871478544922,0.184875
2076,rgb,11,0,0.8242648194029942,2.5750618927088067,1.8859305355693587,0.253
2077,rgb,11,0,0.8212887874986713,2.584188953249005,1.8859928548084364,0.235667
2078,rgb,11,0,0.8183134421511468,2.5933162376240513,1.8859176336157626,0.179166
2079,rgb,11,0,0.8153379870320664,2.6024434862146366,1.885929660388073,0.193792
2080,rgb,11,0,0.8123622698409452,2.6115706493663757,1.885958373670591,0.215875
2081,rgb,11,0,0.8123622698409452,2.6115706493663757,1.8859601348273864,0.205375
2082,rgb,11,0,0.8123622698409452,2.6115706493663757,1.8859922619273712,0.263375
2083,rgb,11,0,0.8123622698409452,2.6115706493663757,1.8860174528951612,0.190625
2084,rgb,11,0,0.8123622698409452,2.6115706493663757,1.8859505654460955,0.203667
2085,rgb,11,0,0.8123622698409452,2.6115706493663757,1.8859732763982757,0.166
2086,rgb,11,0,0.8123622698409452,2.6115706493663757,1.8860249820342725,0.198791
2087,rgb,11,0,0.8123622698409452,2.6115706493663757,1.885982318718292,0.172917
2088,rgb,11,0,0.8123622698409452,2.6115706493663757,1.8859667264393503,0.160542
2089,rgb,11,0,0.8123622698409452,2.6115706493663757,1.8860203459505138,0.149042
2090,rgb,11,0,0.8123622698409452,2.6115706493663757,1.8860289959299772,0.173792
2091,rgb,11,0,0.8123622698409452,2.6115706493663757,1.886054774509561,0.180709
2092,rgb,11,0,0.8123622698409452,2.6115706493663757,1.8860217231228527,0.177792
2093,rgb,11,0,0.8123622698409452,2.6115706493663757,1.8860302304098733,0.14375
2094,rgb,11,0,0.8123622698409452,2.6115706493663757,1.8860232546864646,0.179042
2095,rgb,11,0,0.8123622698409452,2.6115706493663757,1.885996293820157,0.177917
2096,rgb,11,0,0.8123622698409452,2.6115706493663757,1.88604086419737,0.192292
2097,rgb,11,0,0.7984111719453677,2.654353436413365,1.8860150212146474,0.181333
2098,rgb,11,0,0.7844693255759321,2.69713923919666,1.885798784716557,0.151417
2099,rgb,11,0,0.770536491680874,2.7399279776643075,1.8855881502401681,0.180375
2100,rgb,11,0,0.7565318312341475,2.7826932613155577,1.8872672421873213,0.284375
2101,rgb,11,0,0.7424376327895097,2.825429119446677,1.8893616695438178,0.238083
2102,rgb,11,0,0.7282648117077133,2.8681389677557427,1.89120196364975,0.257667
2103,rgb,11,0,0.7140574933966478,2.91083735304615,1.8920097833631226,0.210209
2104,rgb,11,0,0.6997825214460367,2.953513167927758,1.8935946561993697,0.233375
2105,rgb,11,0,0.68528087877026,2.996112491393091,1.89891086431608,0.215125
2106,rgb,11,0,0.68528087877026,2.996112491393091,1.906967224612985,0.222833
2107,rgb,10,0,0.68528087877026,2.996112491393091,1.9105768919123003,0.174375
2108,rgb,9,0,0.68528087877026,2.996112491393091,1.9241548551378438,0.233333
2109,rgb,10,0,0.68528087877026,2.996112491393091,1.928433253256757,0.392416
2110,rgb,9,0,0.68528087877026,2.996112491393091,1.930071243610386,0.175917
2111,rgb,9,0,0.68528087877026,2.996112491393091,1.9326625089758673,0.496625
2112,rgb,10,0,0.68528087877026,2.996112491393091,1.9327392396678116,0.351625
2113,rgb,10,0,0.68528087877026,2.996112491393091,1.933227176648601,0.182125
2114,rgb,10,0,0.6693286482170764,3.038190114191653,1.9331692089305799,0.187458
2115,rgb,10,0,0.651723345264417,3.079603316288872,1.9727629353271405,0.224542
2116,rgb,10,0,0.6332809736945703,3.12065059306675,1.9930645362453143,0.17025
2117,rgb,8,0,0.612278955720123,3.16044902571178,2.056365153284518,0.229042
2118,rgb,8,0,0.5858043258523212,3.1968371277969796,2.19978231796786,0.396875
2119,rgb,6,0,0.5562305539049037,3.2307545571335634,2.287887393029181,0.32025
2120,rgb,9,0,0.522629270371651,3.260687043580866,2.4138760552720706,0.463833
2121,rgb,7,0,0.4848212972882419,3.285091083642385,2.568406178148238,0.396417
2122,rgb,9,0,0.4848212972882419,3.285091083642385,2.6249679499284904,0.423125
2123,rgb,8,0,0.4848212972882419,3.285091083642385,2.6611112751977126,0.374291
2124,rgb,11,0,0.4848212972882419,3.285091083642385,2.668469070454834,0.457875
2125,rgb,11,0,0.4848212972882419,3.285091083642385,2.676385622469483,0.251583
2126,rgb,11,0,0.4445973175697116,3.3052661042273375,2.6766922354851923,0.220167
2127,rgb,10,0,0.40538519287174735,3.327343451818733,2.628805610552903,0.304708
2128,rgb,10,0,0.3667942342123333,3.3504894646448635,2.6013363126819096,0.275916
2129,rgb,8,0,0.33013557533754234,3.376588175906183,2.5228991184537373,0.239458
2130,rgb,12,0,0.2944718487980758,3.404030818077048,2.485738390326973,0.421334
2131,rgb,12,0,0.2944718487980758,3.404030818077048,2.490971264631029,0.258333
2132,rgb,12,0,0.2944718487980758,3.404030818077048,2.504060357079383,0.222875
2133,rgb,12,0,0.2944718487980758,3.404030818077048,2.5104183584605417,0.216708
2134,rgb,12,0,0.25801314529408026,3.4304081367203016,2.515278328411754,0.243041
2135,rgb,12,0,0.2213478933580802,3.4564975847878565,2.5231517834742627,0.263
2136,rgb,12,0,0.18464430166808202,3.482533067442378,2.524622854861904,0.274375
2137,rgb,12,0,0.14779585095324216,3.5083631212540913,2.530208785637755,0.231084
2138,rgb,11,0,0.11054124782161956,3.5336038531274996,2.5461139200176186,0.279084
2139,rgb,11,0,0.07300858662665202,3.558429230136193,2.557221442080576,0.211459
2140,rgb,10,0,0.03453402800582825,3.5817682176663492,2.596328254408676,0.241916
2141,rgb,8,0,-0.0016559378902515492,3.608513055830761,2.5051606926987953,0.217833
2142,rgb,8,0,-0.035624915619581816,3.6380276039727244,2.426246378190357,0.374583
2143,rgb,9,0,-0.06755670461560181,3.6697350297829927,2.3597200248311347,0.41475
2144,rgb,9,0,-0.09730784253293283,3.7034969875553725,2.29312873966201,0.379041
2145,rgb,9,0,-0.12361788980138502,3.7400042664560496,2.195266741878826,0.350875
2146,rgb,7,0,-0.146856355170067,3.7785396233028283,2.11345009840234,0.345583
2147,rgb,6,0,-0.146856355170067,3.7785396233028283,2.113639689033975,0.354208
2148,rgb,6,0,-0.146856355170067,3.7785396233028283,2.1754757268187896,0.374417
2149,rgb,5,0,-0.146856355170067,3.7785396233028283,2.2655382929203407,0.340792
2150,rgb,7,0,-0.146856355170067,3.7785396233028283,2.3124737618324653,0.483083
2151,reseed,4,0,-0.146856355170067,3.7785396233028283,2.3124737618324653,0.543333
2152,bootstrap,4,0,-0.146856355170067,3.7785396233028283,2.3124737618324653,0.243042
2153,rgb,11,0,-0.146856355170067,3.7785396233028283,2.326013384370257,0.216583
2154,rgb,10,0,-0.146856355170067,3.7785396233028283,2.3346290616152183,0.258791
2155,rgb,10,0,-0.146856355170067,3.7785396233028283,2.338743862679352,0.198917
2156,rgb,10,0,-0.146856355170067,3.7785396233028283,2.3694590339270727,0.215584
2157,rgb,10,0,-0.146856355170067,3.7785396233028283,2.371814985277255,0.193792
2158,rgb,10,0,-0.146856355170067,3.7785396233028283,2.3713145833296077,0.187333
2159,rgb,10,0,-0.146856355170067,3.7785396233028283,2.371133683450993,0.195042
2160,rgb,10,0,-0.146856355170067,3.7785396233028283,2.3711849292682965,0.169958
2161,rgb,10,0,-0.146856355170067,3.7785396233028283,2.371189967572904,0.165375
2162,rgb,10,0,-0.146856355170067,3.7785396233028283,2.3707166454880317,0.142625
2163,rgb,10,0,-0.146856355170067,3.7785396233028283,2.3707466115940443,0.132584
2164,rgb,10,0,-0.146856355170067,3.7785396233028283,2.3706799463090684,0.156
2165,rgb,10,0,-0.146856355170067,3.7785396233028283,2.370625920639399,0.219875
2166,rgb,10,0,-0.146856355170067,3.7785396233028283,2.37062796354708,0.234375
2167,rgb,10,0,-0.146856355170067,3.7785396233028283,2.3706558055409497,0.204375
2168,rgb,10,0,-0.146856355170067,3.7785396233028283,2.370641219152234,0.214958
2169,rgb,10,0,-0.146856355170067,3.7785396233028283,2.3706164926797593,0.218417
2170,rgb,10,0,-0.146856355170067,3.7785396233028283,2.3706057305834785,0.179167
2171,rgb,10,0,-0.146856355170067,3.7785396233028283,2.370574677884137,0.185833
2172,rgb,10,0,-0.146856355170067,3.7785396233028283,2.370526933148498,0.24175
2173,rgb,10,0,-0.146856355170067,3.7785396233028283,2.370549057021848,0.159583
2174,rgb,10,0,-0.146856355170067,3.7785396233028283,2.3685980874515318,0.192042
2175,rgb,10,0,-0.146856355170067,3.7785396233028283,2.368560153111461,0.217791
2176,rgb,10,0,-0.146856355170067,3.7785396233028283,2.3685324266434273,0.168792
2177,rgb,10,0,-0.146856355170067,3.7785396233028283,2.368528028327959,0.191167
2178,rgb,10,0,-0.146856355170067,3.7785396233028283,2.3685873812646188,0.232833
2179,rgb,10,0,-0.146856355170067,3.7785396233028283,2.368549712769849,0.196875
2180,rgb,10,0,-0.146856355170067,3.7785396233028283,2.3685472421113483,0.180875
2181,rgb,10,0,-0.146856355170067,3.7785396233028283,2.368480666116924,0.158041
2182,rgb,10,0,-0.146856355170067,3.7785396233028283,2.3684961710843746,0.206541
2183,rgb,10,0,-0.146856355170067,3.7785396233028283,2.3684958894021273,0.200708
2184,rgb,10,0,-0.146856355170067,3.7785396233028283,2.3685651381249935,0.163583
2185,rgb,10,0,-0.146856355170067,3.7785396233028283,2.368470777256605,0.188
2186,rgb,10,0,-0.146856355170067,3.7785396233028283,2.368505645897401,0.184542
2187,rgb,10,0,-0.146856355170067,3.7785396233028283,2.3684929266440102,0.188375
2188,rgb,10,0,-0.146856355170067,3.7785396233028283,2.3684995993451574,0.139084
2189,rgb,10,0,-0.146856355170067,3.7785396233028283,2.3684850891748264,0.163625
2190,rgb,10,0,-0.146856355170067,3.7785396233028283,2.3684684067136894,0.184084
2191,rgb,10,0,-0.146856355170067,3.7785396233028283,2.3684585909648357,0.155959
2192,rgb,10,0,-0.146856355170067,3.7785396233028283,2.3683319138506684,0.177291
2193,rgb,10,0,-0.146856355170067,3.7785396233028283,2.368330967839527,0.154
2194,rgb,10,0,-0.146856355170067,3.7785396233028283,2.3682606428715625,0.166083
2195,rgb,10,0,-0.146856355170067,3.7785396233028283,2.368306146997882,0.198667
2196,rgb,10,0,-0.146856355170067,3.7785396233028283,2.3682823595550397,0.178917
2197,rgb,10,0,-0.146856355170067,3.7785396233028283,2.3683070220245535,0.139875
2198,rgb,10,0,-0.146856355170067,3.7785396233028283,2.3682931307917423,0.172875
2199,rgb,10,0,-0.146856355170067,3.7785396233028283,2.368306463185534,0.289416
2200,rgb,10,0,-0.146856355170067,3.7785396233028283,2.3683278037256494,0.230625
2201,rgb,10,0,-0.146856355170067,3.7785396233028283,2.368309216091391,0.210417
2202,rgb,10,0,-0.146856355170067,3.7785396233028283,2.3682920283841193,0.164333
2203,rgb,10,0,-0.146856355170067,3.7785396233028283,2.3683282517027218,0.195208
2204,rgb,10,0,-0.146856355170067,3.7785396233028283,2.3683085056650706,0.160292
2205,rgb,10,0,-0.146856355170067,3.7785396233028283,2.3682890005853077,0.154208
2206,rgb,10,0,-0.146856355170067,3.7785396233028283,2.3682618482285287,0.175209
2207,rgb,10,0,-0.146856355170067,3.7785396233028283,2.36827693010632,0.15425
2208,rgb,10,0,-0.146856355170067,3.7785396233028283,2.368228409491665,0.175292
2209,rgb,10,0,-0.146856355170067,3.7785396233028283,2.368232935638887,0.197625
2210,rgb,10,0,-0.146856355170067,3.7785396233028283,2.368180122485726,0.2125
2211,rgb,10,0,-0.146856355170067,3.7785396233028283,2.368183754942309,0.162625
2212,rgb,10,0,-0.146856355170067,3.7785396233028283,2.368157908050578,0.230916
2213,rgb,10,0,-0.146856355170067,3.7785396233028283,2.368187949066212,0.142084
2214,rgb,10,0,-0.146856355170067,3.7785396233028283,2.368154937944653,0.181084
2215,rgb,10,0,-0.146856355170067,3.7785396233028283,2.368278905841451,0.15725
2216,rgb,10,0,-0.146856355170067,3.7785396233028283,2.3682875129873517,0.219958
2217,rgb,10,0,-0.146856355170067,3.7785396233028283,2.3682411762622886,0.197667
2218,rgb,10,0,-0.146856355170067,3.7785396233028283,2.368226927552585,0.215541
2219,rgb,10,0,-0.146856355170067,3.7785396233028283,2.3682923507952163,0.1485
2220,rgb,10,0,-0.146856355170067,3.7785396233028283,2.368273204745763,0.158208
2221,rgb,10,0,-0.146856355170067,3.7785396233028283,2.368237185761516,0.152292
2222,rgb,10,0,-0.146856355170067,3.7785396233028283,2.368236751925637,0.162209
2223,rgb,10,0,-0.146856355170067,3.7785396233028283,2.3682114197551565,0.169834
2224,rgb,10,0,-0.146856355170067,3.7785396233028283,2.368263813784055,0.170208
2225,rgb,10,0,-0.146856355170067,3.7785396233028283,2.3682656912413487,0.179417
2226,rgb,10,0,-0.146856355170067,3.7785396233028283,2.3682312828776313,0.193459
2227,rgb,10,0,-0.146856355170067,3.7785396233028283,2.36823793804463,0.159875
2228,rgb,10,0,-0.146856355170067,3.7785396233028283,2.3682589544808517,0.155583
2229,rgb,10,0,-0.146856355170067,3.7785396233028283,2.3682490374843193,0.175375
2230,rgb,10,0,-0.146856355170067,3.7785396233028283,2.368256848934224,0.1475
2231,rgb,10,0,-0.146856355170067,3.7785396233028283,2.3682693789863416,0.198
2232,rgb,10,0,-0.146856355170067,3.7785396233028283,2.3682976592038623,0.200166
2233,rgb,10,0,-0.146856355170067,3.7785396233028283,2.368284662792875,0.197583
2234,rgb,10,0,-0.146856355170067,3.7785396233028283,2.368266658886868,0.18375
2235,rgb,10,0,-0.146856355170067,3.7785396233028283,2.3682422732930073,0.147542
2236,rgb,10,0,-0.146856355170067,3.7785396233028283,2.368307470566223,0.190625
2237,rgb,10,0,-0.146856355170067,3.7785396233028283,2.3682766099594383,0.193083
2238,rgb,10,0,-0.146856355170067,3.7785396233028283,2.368287576335505,0.186958
2239,rgb,10,0,-0.146856355170067,3.7785396233028283,2.3683138960917214,0.194583
2240,rgb,10,0,-0.146856355170067,3.7785396233028283,2.3683571614640906,0.183208
2241,rgb,10,0,-0.146856355170067,3.7785396233028283,2.3683390642293753,0.201625
2242,rgb,10,0,-0.146856355170067,3.7785396233028283,2.3683185857047,0.165792
2243,rgb,10,0,-0.146856355170067,3.7785396233028283,2.368326428688605,0.136916
2244,rgb,10,0,-0.146856355170067,3.7785396233028283,2.368368952524478,0.166584
2245,rgb,10,0,-0.146856355170067,3.7785396233028283,2.3684087381592045,0.187083
2246,rgb,10,0,-0.146856355170067,3.7785396233028283,2.368451538586968,0.168625
2247,rgb,10,0,-0.146856355170067,3.7785396233028283,2.368472648917604,0.141875
2248,rgb,10,0,-0.146856355170067,3.7785396233028283,2.3684443834047935,0.247958
2249,rgb,10,0,-0.146856355170067,3.7785396233028283,2.368427220021048,0.243333
2250,rgb,10,0,-0.146856355170067,3.7785396233028283,2.3684252544672555,0.265125
2251,rgb,10,0,-0.146856355170067,3.7785396233028283,2.3684242680138405,0.190833
2252,rgb,10,0,-0.146856355170067,3.7785396233028283,2.3683784329987967,0.18975
2253,rgb,10,0,-0.146856355170067,3.7785396233028283,2.3684385795059635,0.186166
2254,rgb,10,0,-0.146856355170067,3.7785396233028283,2.3684213312772764,0.160375
2255,rgb,10,0,-0.146856355170067,3.7785396233028283,2.368435677839515,0.219833
2256,rgb,10,0,-0.146856355170067,3.7785396233028283,2.3684345675137175,0.174333
2257,rgb,10,0,-0.146856355170067,3.7785396233028283,2.368448920298719,0.161458
2258,rgb,10,0,-0.146856355170067,3.7785396233028283,2.368451062328135,0.162334
2259,rgb,10,0,-0.146856355170067,3.7785396233028283,2.3684547598317787,0.145792
2260,rgb,10,0,-0.146856355170067,3.7785396233028283,2.368453445314757,0.15125
2261,rgb,10,0,-0.146856355170067,3.7785396233028283,2.3684147226319547,0.163875
2262,rgb,10,0,-0.146856355170067,3.7785396233028283,2.3684175410098343,0.152875
2263,rgb,10,0,-0.146856355170067,3.7785396233028283,2.3684264784814824,0.189708
2264,rgb,10,0,-0.146856355170067,3.7785396233028283,2.36842287091254,0.269875
2265,rgb,10,0,-0.146856355170067,3.7785396233028283,2.3683978877351857,0.179125
2266,rgb,10,0,-0.146856355170067,3.7785396233028283,2.369028193000262,0.157209
2267,rgb,10,0,-0.146856355170067,3.7785396233028283,2.3690090403042214,0.19
2268,rgb,10,0,-0.146856355170067,3.7785396233028283,2.3690280193522577,0.282
2269,rgb,10,0,-0.146856355170067,3.7785396233028283,2.368496502499469,0.203959
2270,rgb,10,0,-0.146856355170067,3.7785396233028283,2.368454768843507,0.193333
2271,rgb,10,0,-0.146856355170067,3.7785396233028283,2.3684937650077282,0.188125
2272,rgb,10,0,-0.146856355170067,3.7785396233028283,2.368475362193707,0.185875
2273,rgb,10,0,-0.146856355170067,3.7785396233028283,2.368466778803808,0.177542
2274,rgb,10,0,-0.146856355170067,3.7785396233028283,2.368462082968521,0.171167
2275,rgb,10,0,-0.146856355170067,3.7785396233028283,2.368429152730145,0.236584
2276,rgb,10,0,-0.146856355170067,3.7785396233028283,2.3683931251202504,0.163167
2277,rgb,10,0,-0.146856355170067,3.7785396233028283,2.368430254572062,0.146708
2278,rgb,10,0,-0.146856355170067,3.7785396233028283,2.368425413370418,0.182334
2279,rgb,10,0,-0.146856355170067,3.7785396233028283,2.3684365449098133,0.136792
2280,rgb,10,0,-0.146856355170067,3.7785396233028283,2.368419912649146,0.20625
2281,rgb,10,0,-0.146856355170067,3.7785396233028283,2.3684805427673874,0.22175
2282,rgb,10,0,-0.146856355170067,3.7785396233028283,2.368426820930794,0.254916
2283,rgb,10,0,-0.146856355170067,3.7785396233028283,2.3684398261093103,0.2295
2284,rgb,10,0,-0.146856355170067,3.7785396233028283,2.3684798979547432,0.17225
2285,rgb,10,0,-0.146856355170067,3.7785396233028283,2.3683851469495076,0.148791
2286,rgb,10,0,-0.146856355170067,3.7785396233028283,2.3684357954543467,0.176292
2287,rgb,10,0,-0.146856355170067,3.7785396233028283,2.368438211247125,0.197167
2288,rgb,10,0,-0.146856355170067,3.7785396233028283,2.368466494291355,0.132625
2289,rgb,10,0,-0.146856355170067,3.7785396233028283,2.3685027345774907,0.205875
2290,rgb,10,0,-0.146856355170067,3.7785396233028283,2.368492856467314,0.182625
2291,rgb,10,0,-0.146856355170067,3.7785396233028283,2.3684323021390847,0.206083
2292,rgb,10,0,-0.146856355170067,3.7785396233028283,2.3685117501028836,0.257125
2293,rgb,10,0,-0.146856355170067,3.7785396233028283,2.368450356947691,0.147541
2294,rgb,10,0,-0.146856355170067,3.7785396233028283,2.368491441264454,0.204709
2295,rgb,10,0,-0.146856355170067,3.7785396233028283,2.36852943895265,0.206625
2296,rgb,10,0,-0.146856355170067,3.7785396233028283,2.368517996318773,0.195375
2297,rgb,10,0,-0.146856355170067,3.7785396233028283,2.368442254902406,0.158292
2298,rgb,10,0,-0.146856355170067,3.7785396233028283,2.3684521364059075,0.218084
2299,rgb,10,0,-0.146856355170067,3.7785396233028283,2.3684249648187725,0.252708
2300,rgb,10,0,-0.146856355170067,3.7785396233028283,2.368390892582469,0.165833
2301,rgb,10,0,-0.146856355170067,3.7785396233028283,2.368462683088368,0.162792
2302,rgb,10,0,-0.146856355170067,3.7785396233028283,2.36838905428995,0.163459
2303,rgb,10,0,-0.146856355170067,3.7785396233028283,2.3684164142334376,0.173542
2304,rgb,10,0,-0.146856355170067,3.7785396233028283,2.3684340403007846,0.165583
2305,rgb,10,0,-0.146856355170067,3.7785396233028283,2.368463554151462,0.1695
2306,rgb,10,0,-0.146856355170067,3.7785396233028283,2.3683789731232574,0.199
2307,rgb,10,0,-0.146856355170067,3.7785396233028283,2.368406898694233,0.171458
2308,rgb,10,0,-0.146856355170067,3.7785396233028283,2.368407023132165,0.141208
2309,rgb,10,0,-0.146856355170067,3.7785396233028283,2.368392186736089,0.188792
2310,rgb,10,0,-0.146856355170067,3.7785396233028283,2.368365271942964,0.177791
2311,rgb,10,0,-0.146856355170067,3.7785396233028283,2.368408075764962,0.176708
2312,rgb,10,0,-0.146856355170067,3.7785396233028283,2.368400768288354,0.185417
2313,rgb,10,0,-0.146856355170067,3.7785396233028283,2.3684348587691213,0.236625
2314,rgb,10,0,-0.146856355170067,3.7785396233028283,2.368397734406842,0.222
2315,rgb,10,0,-0.146856355170067,3.7785396233028283,2.3684576840775273,0.197875
2316,rgb,10,0,-0.146856355170067,3.7785396233028283,2.3684456181232756,0.166542
2317,rgb,10,0,-0.146856355170067,3.7785396233028283,2.36845428466009,0.190833
2318,rgb,10,0,-0.146856355170067,3.7785396233028283,2.3685079553103217,0.188667
2319,rgb,10,0,-0.146856355170067,3.7785396233028283,2.368417598663343,0.167375
2320,rgb,10,0,-0.146856355170067,3.7785396233028283,2.368415885944871,0.169458
2321,rgb,10,0,-0.146856355170067,3.7785396233028283,2.3684116188549362,0.134917
2322,rgb,10,0,-0.146856355170067,3.7785396233028283,2.3684227311621564,0.204625
2323,rgb,10,0,-0.146856355170067,3.7785396233028283,2.368398382615653,0.19425
2324,rgb,10,0,-0.146856355170067,3.7785396233028283,2.3684540799038425,0.199791
2325,rgb,10,0,-0.146856355170067,3.7785396233028283,2.3683633499420305,0.233666
2326,rgb,10,0,-0.146856355170067,3.7785396233028283,2.3684387299179273,0.170959
2327,rgb,10,0,-0.146856355170067,3.7785396233028283,2.3684399352690955,0.159459
2328,rgb,10,0,-0.146856355170067,3.7785396233028283,2.3684371195780907,0.173167
2329,rgb,10,0,-0.146856355170067,3.7785396233028283,2.3683701745179926,0.251916
2330,rgb,10,0,-0.146856355170067,3.7785396233028283,2.3684104197240297,0.202625
2331,rgb,10,0,-0.146856355170067,3.7785396233028283,2.3684325781618165,0.173292
2332,rgb,10,0,-0.146856355170067,3.7785396233028283,2.3684134181134207,0.161542
2333,rgb,10,0,-0.146856355170067,3.7785396233028283,2.3683694587165585,0.155417
2334,rgb,10,0,-0.146856355170067,3.7785396233028283,2.368358318127691,0.137292
2335,rgb,10,0,-0.146856355170067,3.7785396233028283,2.368334967349626,0.192333
2336,rgb,10,0,-0.146856355170067,3.7785396233028283,2.3683703761647914,0.217583
2337,rgb,10,0,-0.146856355170067,3.7785396233028283,2.3684100469812686,0.149125
2338,rgb,10,0,-0.146856355170067,3.7785396233028283,2.3683233991445443,0.16625
2339,rgb,10,0,-0.146856355170067,3.7785396233028283,2.3683273878044995,0.227917
2340,rgb,10,0,-0.146856355170067,3.7785396233028283,2.3683480774501797,0.197875
2341,rgb,10,0,-0.146856355170067,3.7785396233028283,2.3683953717858524,0.164333
2342,rgb,10,0,-0.146856355170067,3.7785396233028283,2.3684414652938424,0.188833
2343,rgb,10,0,-0.146856355170067,3.7785396233028283,2.368349955895071,0.170416
2344,rgb,10,0,-0.146856355170067,3.7785396233028283,2.3683810252199757,0.157625
2345,rgb,10,0,-0.146856355170067,3.7785396233028283,2.368387315557727,0.167791
2346,rgb,10,0,-0.146856355170067,3.7785396233028283,2.368340136611466,0.196208
2347,rgb,10,0,-0.146856355170067,3.7785396233028283,2.368335279007085,0.237125
2348,rgb,10,0,-0.146856355170067,3.7785396233028283,2.36829233080826,0.225
2349,rgb,10,0,-0.146856355170067,3.7785396233028283,2.3683647543952313,0.210125
2350,rgb,10,0,-0.146856355170067,3.7785396233028283,2.368320858204613,0.234459
2351,rgb,10,0,-0.146856355170067,3.7785396233028283,2.3682734050711653,0.184
2352,rgb,10,0,-0.146856355170067,3.7785396233028283,2.3682847538115377,0.203541
2353,rgb,10,0,-0.146856355170067,3.7785396233028283,2.3682534217518034,0.202875
2354,rgb,10,0,-0.146856355170067,3.7785396233028283,2.3682595211902546,0.170333
2355,rgb,10,0,-0.146856355170067,3.7785396233028283,2.3681394080375933,0.213459
2356,rgb,10,0,-0.146856355170067,3.7785396233028283,2.3681724392407952,0.191625
2357,rgb,10,0,-0.146856355170067,3.7785396233028283,2.36816278766483,0.172417
2358,rgb,10,0,-0.146856355170067,3.7785396233028283,2.368204011690893,0.182042
2359,rgb,10,0,-0.146856355170067,3.7785396233028283,2.3681534323367552,0.160833
2360,rgb,10,0,-0.146856355170067,3.7785396233028283,2.3681879167742474,0.197
2361,rgb,10,0,-0.146856355170067,3.7785396233028283,2.368189079137694,0.176916
2362,rgb,10,0,-0.146856355170067,3.7785396233028283,2.368192553784213,0.192125
2363,rgb,10,0,-0.146856355170067,3.7785396233028283,2.368165667270916,0.191417
2364,rgb,10,0,-0.146856355170067,3.7785396233028283,2.368213906204148,0.258375
2365,rgb,10,0,-0.146856355170067,3.7785396233028283,2.368119669921982,0.177833
2366,rgb,10,0,-0.146856355170067,3.7785396233028283,2.368236587845133,0.181709
2367,rgb,10,0,-0.146856355170067,3.7785396233028283,2.3682307166371013,0.179417
2368,rgb,10,0,-0.146856355170067,3.7785396233028283,2.3681862408218715,0.146666
2369,rgb,10,0,-0.146856355170067,3.7785396233028283,2.3681776908049708,0.179416
2370,rgb,10,0,-0.146856355170067,3.7785396233028283,2.368185466196139,0.194125
2371,rgb,10,0,-0.146856355170067,3.7785396233028283,2.3681729248317263,0.218583
2372,rgb,10,0,-0.146856355170067,3.7785396233028283,2.3682100265657775,0.1365
2373,rgb,10,0,-0.146856355170067,3.7785396233028283,2.368247217674054,0.254458
2374,rgb,10,0,-0.146856355170067,3.7785396233028283,2.3682111329333404,0.200917
2375,rgb,10,0,-0.146856355170067,3.7785396233028283,2.368190005067647,0.167084
2376,rgb,10,0,-0.146856355170067,3.7785396233028283,2.368085260563732,0.152583
2377,rgb,10,0,-0.146856355170067,3.7785396233028283,2.3680843951544555,0.163208
2378,rgb,10,0,-0.146856355170067,3.7785396233028283,2.3680251581710943,0.145917
2379,rgb,10,0,-0.146856355170067,3.7785396233028283,2.368166046802089,0.204625
2380,rgb,10,0,-0.146856355170067,3.7785396233028283,2.3680164407298614,0.270792
2381,rgb,10,0,-0.146856355170067,3.7785396233028283,2.3679847774976404,0.140833
2382,rgb,10,0,-0.146856355170067,3.7785396233028283,2.368023930196814,0.186208
2383,rgb,10,0,-0.146856355170067,3.7785396233028283,2.3679646490956836,0.219375
2384,rgb,10,0,-0.146856355170067,3.7785396233028283,2.368117172390357,0.15425
2385,rgb,10,0,-0.146856355170067,3.7785396233028283,2.368081645078946,0.152833
2386,rgb,10,0,-0.146856355170067,3.7785396233028283,2.3680909134429564,0.195584
2387,rgb,10,0,-0.146856355170067,3.7785396233028283,2.3681552784048288,0.200083
2388,rgb,10,0,-0.146856355170067,3.7785396233028283,2.3680854268615983,0.169792
2389,rgb,10,0,-0.146856355170067,3.7785396233028283,2.3680262735917674,0.226792
2390,rgb,10,0,-0.146856355170067,3.7785396233028283,2.368063401912168,0.186459
2391,rgb,10,0,-0.146856355170067,3.7785396233028283,2.3680358915109716,0.163875
2392,rgb,10,0,-0.146856355170067,3.7785396233028283,2.3718368953079514,0.223
2393,rgb,10,0,-0.146856355170067,3.7785396233028283,2.371806492291598,0.149667
2394,rgb,10,0,-0.146856355170067,3.7785396233028283,2.3717774586577614,0.140958
2395,rgb,10,0,-0.146856355170067,3.7785396233028283,2.371742687729438,0.292167
2396,rgb,10,0,-0.146856355170067,3.7785396233028283,2.371757986241591,0.2655
2397,rgb,10,0,-0.146856355170067,3.7785396233028283,2.371789980508056,0.204959
2398,rgb,10,0,-0.146856355170067,3.7785396233028283,2.371938437502849,0.246834
2399,rgb,10,0,-0.146856355170067,3.7785396233028283,2.3720172256609837,0.170125
2400,rgb,10,0,-0.146856355170067,3.7785396233028283,2.3718991159650793,0.191667
2401,rgb,10,0,-0.146856355170067,3.7785396233028283,2.3718885138525545,0.234708
2402,rgb,10,0,-0.146856355170067,3.7785396233028283,2.3718657574056303,0.191084
2403,rgb,10,0,-0.146856355170067,3.7785396233028283,2.371859260189667,0.225708
2404,rgb,10,0,-0.146856355170067,3.7785396233028283,2.3718562028343237,0.232166
2405,rgb,10,0,-0.146856355170067,3.7785396233028283,2.3722782364902466,0.195875
2406,rgb,8,0,-0.146856355170067,3.7785396233028283,2.343860110905525,0.1875
2407,rgb,7,0,-0.146856355170067,3.7785396233028283,2.3539646749240726,0.547958
2408,rgb,12,0,-0.146856355170067,3.7785396233028283,2.380888847340402,0.401875
2409,rgb,10,0,-0.146856355170067,3.7785396233028283,2.352368514691052,0.24825
2410,rgb,10,0,-0.146856355170067,3.7785396233028283,2.342617303770539,0.255834
2411,rgb,6,0,-0.146856355170067,3.7785396233028283,2.494156912606713,0.284
2412,rgb,7,0,-0.146856355170067,3.7785396233028283,2.7016979909357994,0.428541
2413,rgb,12,0,-0.146856355170067,3.7785396233028283,2.7061293951091736,0.463792
2414,rgb,8,0,-0.146856355170067,3.7785396233028283,2.5367002419052094,0.329
2415,rgb,8,0,-0.146856355170067,3.7785396233028283,2.3584762892541855,0.426625
2416,rgb,13,0,-0.146856355170067,3.7785396233028283,2.271602437537667,0.404125
2417,rgb,12,0,-0.146856355170067,3.7785396233028283,2.279118735515085,0.256833
2418,rgb,9,0,-0.146856355170067,3.7785396233028283,2.2750137226512104,0.251542
2419,rgb,9,0,-0.146856355170067,3.7785396233028283,2.2667181819533377,0.438625
2420,rgb,7,0,-0.146856355170067,3.7785396233028283,2.263113205493,0.422042
2421,rgb,8,0,-0.146856355170067,3.7785396233028283,2.264982277466488,0.30825
2422,rgb,5,0,-0.146856355170067,3.7785396233028283,2.2313204127685546,0.432833
2423,rgb,5,0,-0.146856355170067,3.7785396233028283,2.1764379608766555,0.38725
2424,rgb,7,0,-0.146856355170067,3.7785396233028283,2.1304869036511898,0.420458
2425,rgb,11,0,-0.146856355170067,3.7785396233028283,2.1293927641208663,0.3955
2426,rgb,11,0,-0.146856355170067,3.7785396233028283,2.1302939670831345,0.208
2427,rgb,11,0,-0.146856355170067,3.7785396233028283,2.1305254517182854,0.191333
2428,rgb,11,0,-0.146856355170067,3.7785396233028283,2.1306206953349554,0.156875
2429,rgb,11,0,-0.146856355170067,3.7785396233028283,2.130439677483964,0.159459
2430,rgb,11,0,-0.146856355170067,3.7785396233028283,2.130460325440226,0.196666
2431,rgb,11,0,-0.146856355170067,3.7785396233028283,2.1306222515858915,0.130833
2432,rgb,11,0,-0.146856355170067,3.7785396233028283,2.1307288810139378,0.142375
2433,rgb,11,0,-0.146856355170067,3.7785396233028283,2.130787839917475,0.187375
2434,rgb,11,0,-0.146856355170067,3.7785396233028283,2.1307588124536503,0.138084
2435,rgb,11,0,-0.146856355170067,3.7785396233028283,2.1307529988361873,0.185542
2436,rgb,11,0,-0.146856355170067,3.7785396233028283,2.1307853717252963,0.194375
2437,rgb,11,0,-0.146856355170067,3.7785396233028283,2.130729116520315,0.196792
2438,rgb,11,0,-0.146856355170067,3.7785396233028283,2.130770856193494,0.168666
2439,rgb,11,0,-0.146856355170067,3.7785396233028283,2.1307554305176106,0.161459
2440,rgb,11,0,-0.146856355170067,3.7785396233028283,2.1307488759289024,0.179542
2441,rgb,11,0,-0.146856355170067,3.7785396233028283,2.1307535670334525,0.137042
2442,rgb,11,0,-0.146856355170067,3.7785396233028283,2.13075694536903,0.179625
2443,rgb,11,0,-0.146856355170067,3.7785396233028283,2.130753217373212,0.241708
2444,rgb,11,0,-0.146856355170067,3.7785396233028283,2.1307074051864854,0.160458
2445,rgb,11,0,-0.146856355170067,3.7785396233028283,2.130780574690079,0.183625
2446,rgb,11,0,-0.146856355170067,3.7785396233028283,2.1307540390707524,0.174917
2447,rgb,11,0,-0.146856355170067,3.7785396233028283,2.1307655176987916,0.186417
2448,rgb,11,0,-0.146856355170067,3.7785396233028283,2.1307363262039596,0.163125
2449,rgb,11,0,-0.146856355170067,3.7785396233028283,2.1307223295070523,0.218625
2450,rgb,11,0,-0.146856355170067,3.7785396233028283,2.1307560958948395,0.133208
2451,rgb,11,0,-0.146856355170067,3.7785396233028283,2.130740622395906,0.180166
2452,rgb,11,0,-0.146856355170067,3.7785396233028283,2.130729602439687,0.148209
2453,rgb,11,0,-0.146856355170067,3.7785396233028283,2.1307588093595493,0.193792
2454,rgb,11,0,-0.146856355170067,3.7785396233028283,2.130751675260826,0.196042
2455,rgb,11,0,-0.146856355170067,3.7785396233028283,2.13075412134046,0.147458
2456,rgb,11,0,-0.146856355170067,3.7785396233028283,2.130756622954295,0.241625
2457,rgb,11,0,-0.146856355170067,3.7785396233028283,2.1307371576740204,0.19375
2458,rgb,11,0,-0.146856355170067,3.7785396233028283,2.130743228908586,0.186375
2459,rgb,11,0,-0.146856355170067,3.7785396233028283,2.130724074722793,0.147167
2460,rgb,11,0,-0.146856355170067,3.7785396233028283,2.130743074132597,0.192792
2461,rgb,11,0,-0.146856355170067,3.7785396233028283,2.1307837699677927,0.221541
2462,rgb,11,0,-0.146856355170067,3.7785396233028283,2.1307208398538657,0.218084
2463,rgb,11,0,-0.146856355170067,3.7785396233028283,2.1307460992102003,0.214084
2464,rgb,11,0,-0.146856355170067,3.7785396233028283,2.1307398896542233,0.138667
2465,rgb,11,0,-0.146856355170067,3.7785396233028283,2.130738295614578,0.169042
2466,rgb,11,0,-0.146856355170067,3.7785396233028283,2.1307528821060666,0.187208
2467,rgb,11,0,-0.146856355170067,3.7785396233028283,2.1307486296194336,0.14675
2468,rgb,11,0,-0.146856355170067,3.7785396233028283,2.1307491248001336,0.196208
2469,rgb,11,0,-0.146856355170067,3.7785396233028283,2.1307333941997806,0.167292
2470,rgb,11,0,-0.146856355170067,3.7785396233028283,2.1306853688668363,0.220458
2471,rgb,11,0,-0.146856355170067,3.7785396233028283,2.1307043245699626,0.201875
2472,rgb,11,0,-0.146856355170067,3.7785396233028283,2.1307329530093577,0.199459
2473,rgb,11,0,-0.146856355170067,3.7785396233028283,2.13063335020641,0.182083
2474,rgb,11,0,-0.146856355170067,3.7785396233028283,2.130598111645015,0.181
2475,rgb,11,0,-0.146856355170067,3.7785396233028283,2.1306149205368294,0.154792
2476,rgb,11,0,-0.146856355170067,3.7785396233028283,2.1310187519877966,0.244625
2477,rgb,11,0,-0.146856355170067,3.7785396233028283,2.1303503968404423,0.155416
2478,rgb,11,0,-0.146856355170067,3.7785396233028283,2.131148651288897,0.210041
2479,rgb,11,0,-0.146856355170067,3.7785396233028283,2.1314059246681447,0.237333
2480,rgb,11,0,-0.146856355170067,3.7785396233028283,2.131629405429778,0.228333
2481,rgb,11,0,-0.146856355170067,3.7785396233028283,2.131749916890187,0.164375
2482,rgb,11,0,-0.146856355170067,3.7785396233028283,2.1317393196116265,0.138833
2483,rgb,11,0,-0.146856355170067,3.7785396233028283,2.1319026649764803,0.185458
2484,rgb,11,0,-0.146856355170067,3.7785396233028283,2.1374899168334034,0.226
2485,rgb,11,0,-0.146856355170067,3.7785396233028283,2.1375451778151566,0.224625
2486,rgb,11,0,-0.146856355170067,3.7785396233028283,2.1376020215250557,0.225208
2487,rgb,11,0,-0.146856355170067,3.7785396233028283,2.1375373240810243,0.226375
2488,rgb,11,0,-0.146856355170067,3.7785396233028283,2.137263085496927,0.1995
2489,rgb,11,0,-0.146856355170067,3.7785396233028283,2.137072727339075,0.154333
2490,rgb,11,0,-0.146856355170067,3.7785396233028283,2.136900425794267,0.188917
2491,rgb,11,0,-0.146856355170067,3.7785396233028283,2.136891097319933,0.226334
2492,rgb,11,0,-0.146856355170067,3.7785396233028283,2.1368803570915427,0.157916
2493,rgb,11,0,-0.146856355170067,3.7785396233028283,2.1369161571676907,0.171042
2494,rgb,11,0,-0.146856355170067,3.7785396233028283,2.136876742221177,0.188084
2495,rgb,11,0,-0.146856355170067,3.7785396233028283,2.1368202741398656,0.258417
2496,rgb,11,0,-0.146856355170067,3.7785396233028283,2.136829684115839,0.22825
2497,rgb,11,0,-0.146856355170067,3.7785396233028283,2.1375641379038663,0.2285
2498,rgb,11,0,-0.146856355170067,3.7785396233028283,2.1375675578902085,0.203583
2499,rgb,11,0,-0.146856355170067,3.7785396233028283,2.1370002720805426,0.186209
2500,rgb,11,0,-0.146856355170067,3.7785396233028283,2.136315031414626,0.197625
2501,rgb,11,0,-0.146856355170067,3.7785396233028283,2.13633201050746,0.192125
2502,rgb,11,0,-0.146856355170067,3.7785396233028283,2.135810229933697,0.186292
2503,rgb,11,0,-0.146856355170067,3.7785396233028283,2.1360972900065756,0.155792
2504,rgb,11,0,-0.146856355170067,3.7785396233028283,2.136070366418637,0.191958
2505,rgb,11,0,-0.146856355170067,3.7785396233028283,2.1360625391689902,0.176791
2506,rgb,11,0,-0.146856355170067,3.7785396233028283,2.136086452849697,0.195209
2507,rgb,11,0,-0.146856355170067,3.7785396233028283,2.136344809153372,0.188958
2508,rgb,11,0,-0.146856355170067,3.7785396233028283,2.136681660583265,0.2105
2509,rgb,11,0,-0.146856355170067,3.7785396233028283,2.1368324330788093,0.209125
2510,rgb,11,0,-0.146856355170067,3.7785396233028283,2.1368290902233023,0.141917
2511,rgb,11,0,-0.146856355170067,3.7785396233028283,2.1368539587843154,0.240625
2512,rgb,11,0,-0.146856355170067,3.7785396233028283,2.1368064178373354,0.163916
2513,rgb,11,0,-0.146856355170067,3.7785396233028283,2.1368382502974166,0.177916
2514,rgb,11,0,-0.146856355170067,3.7785396233028283,2.136808768275416,0.200791
2515,rgb,11,0,-0.146856355170067,3.7785396233028283,2.1368910325514046,0.16875
2516,rgb,11,0,-0.146856355170067,3.7785396233028283,2.136797815674556,0.148625
2517,rgb,11,0,-0.146856355170067,3.7785396233028283,2.1368007168269125,0.157042
2518,rgb,11,0,-0.146856355170067,3.7785396233028283,2.136792433476587,0.14625
2519,rgb,11,0,-0.146856355170067,3.7785396233028283,2.1367870353381315,0.142041
2520,rgb,11,0,-0.146856355170067,3.7785396233028283,2.136814542292343,0.204917
2521,rgb,11,0,-0.146856355170067,3.7785396233028283,2.136817404879168,0.166334
2522,rgb,11,0,-0.146856355170067,3.7785396233028283,2.136805662976969,0.139
2523,rgb,11,0,-0.146856355170067,3.7785396233028283,2.1368144847008645,0.18425
2524,rgb,11,0,-0.146856355170067,3.7785396233028283,2.1368190652508767,0.212
2525,rgb,11,0,-0.146856355170067,3.7785396233028283,2.1368176907773497,0.212917
2526,rgb,11,0,-0.146856355170067,3.7785396233028283,2.1368573139763223,0.187333
2527,rgb,11,0,-0.146856355170067,3.7785396233028283,2.1368552520090427,0.213417
2528,rgb,11,0,-0.146856355170067,3.7785396233028283,2.1368256784591333,0.162625
2529,rgb,11,0,-0.146856355170067,3.7785396233028283,2.1368079270288556,0.213792
2530,rgb,11,0,-0.146856355170067,3.7785396233028283,2.1368415406979304,0.197208
2531,rgb,11,0,-0.146856355170067,3.7785396233028283,2.1368473532863,0.246666
2532,rgb,11,0,-0.146856355170067,3.7785396233028283,2.1368423058367236,0.225542
2533,rgb,11,0,-0.146856355170067,3.7785396233028283,2.136839026742707,0.308875
2534,rgb,11,0,-0.146856355170067,3.7785396233028283,2.136842271899156,0.252166
2535,rgb,11,0,-0.146856355170067,3.7785396233028283,2.1368557158233736,0.154541
2536,rgb,11,0,-0.146856355170067,3.7785396233028283,2.1368259484183065,0.192209
2537,rgb,11,0,-0.146856355170067,3.7785396233028283,2.136827103325829,0.215875
2538,rgb,11,0,-0.17095570006407998,3.8165425386604612,2.135944549865287,0.180625
2539,rgb,11,0,-0.1950867285352635,3.8545253435190143,2.136778484853182,0.225792
2540,rgb,11,0,-0.1950867285352635,3.8545253435190143,2.1320819052031377,0.271833
2541,rgb,11,0,-0.1950867285352635,3.8545253435190143,2.132513134097878,0.2035
2542,rgb,11,0,-0.1950867285352635,3.8545253435190143,2.1325371506187887,0.200292
2543,rgb,11,0,-0.1950867285352635,3.8545253435190143,2.132450670369196,0.184625
2544,rgb,11,0,-0.2190662941592463,3.892603952113409,2.1327958439812003,0.17925
2545,rgb,11,0,-0.2430070816085288,3.9307069532590964,2.1317777985110817,0.234833
2546,rgb,11,0,-0.26697738309509955,3.968791394263828,2.1325525728040313,0.208542
2547,rgb,9,0,-0.29148585298112767,4.0065317559982585,2.1467473835670328,0.215291
2548,rgb,9,0,-0.29148585298112767,4.0065317559982585,2.093374028148589,0.484167
2549,rgb,7,0,-0.29148585298112767,4.0065317559982585,2.0929971234160414,0.386875
2550,rgb,8,0,-0.29148585298112767,4.0065317559982585,2.093148538931616,0.421459
2551,rgb,8,0,-0.29148585298112767,4.0065317559982585,2.0932033510158883,0.368625
2552,rgb,8,0,-0.29148585298112767,4.0065317559982585,2.093140866205119,0.423667
2553,rgb,8,0,-0.29148585298112767,4.0065317559982585,2.093148776498908,0.388917
2554,rgb,8,0,-0.29148585298112767,4.0065317559982585,2.093204185317206,0.388875
2555,rgb,8,0,-0.29148585298112767,4.0065317559982585,2.0931602021643423,0.316583
2556,rgb,8,0,-0.29148585298112767,4.0065317559982585,2.093195573646569,0.315834
2557,rgb,8,0,-0.29148585298112767,4.0065317559982585,2.093200896196465,0.309084
2558,rgb,8,0,-0.29148585298112767,4.0065317559982585,2.09321014136927,0.258
2559,rgb,8,0,-0.29148585298112767,4.0065317559982585,2.093210053697086,0.380084
2560,rgb,8,0,-0.29148585298112767,4.0065317559982585,2.0932157608732007,0.360958
2561,rgb,8,0,-0.29148585298112767,4.0065317559982585,2.0931849737972437,0.367375
2562,rgb,8,0,-0.29148585298112767,4.0065317559982585,2.093207771393346,0.35175
2563,rgb,8,0,-0.29148585298112767,4.0065317559982585,2.0932057125110726,0.30925
2564,rgb,8,0,-0.29148585298112767,4.0065317559982585,2.0931551850527024,0.404833
2565,rgb,8,0,-0.29148585298112767,4.0065317559982585,2.0931888653113413,0.405
2566,rgb,8,0,-0.29148585298112767,4.0065317559982585,2.093134203119072,0.455333
2567,rgb,8,0,-0.29148585298112767,4.0065317559982585,2.093225184217837,0.29925
2568,rgb,8,0,-0.29148585298112767,4.0065317559982585,2.093220311341221,0.335
2569,rgb,8,0,-0.29148585298112767,4.0065317559982585,2.0934353683774782,0.380667
2570,rgb,8,0,-0.29148585298112767,4.0065317559982585,2.093414855914099,0.281125
2571,rgb,8,0,-0.29148585298112767,4.0065317559982585,2.093674603148039,0.2625
2572,rgb,8,0,-0.29148585298112767,4.0065317559982585,2.0937108768053543,0.33575
2573,rgb,8,0,-0.29148585298112767,4.0065317559982585,2.093706442289723,0.317208
2574,rgb,8,0,-0.29148585298112767,4.0065317559982585,2.0937205773080416,0.389042
2575,rgb,8,0,-0.29148585298112767,4.0065317559982585,2.093699148530569,0.303333
2576,rgb,8,0,-0.29148585298112767,4.0065317559982585,2.0936850304806933,0.330042
2577,rgb,8,0,-0.29148585298112767,4.0065317559982585,2.0937282245850577,0.342167
2578,rgb,8,0,-0.29148585298112767,4.0065317559982585,2.09370262996351,0.348125
2579,rgb,8,0,-0.29148585298112767,4.0065317559982585,2.0938121890849937,0.339958
2580,rgb,8,0,-0.29148585298112767,4.0065317559982585,2.093758771274289,0.36475
2581,rgb,8,0,-0.29148585298112767,4.0065317559982585,2.093757823849111,0.351042
2582,rgb,8,0,-0.29148585298112767,4.0065317559982585,2.0937362282102834,0.289333
2583,rgb,8,0,-0.29148585298112767,4.0065317559982585,2.0937498202266136,0.328292
2584,rgb,8,0,-0.29148585298112767,4.0065317559982585,2.0937299780317256,0.278917
2585,rgb,8,0,-0.29148585298112767,4.0065317559982585,2.0936893066219193,0.337208
2586,rgb,8,0,-0.29148585298112767,4.0065317559982585,2.0937316268328425,0.316041
2587,rgb,8,0,-0.29148585298112767,4.0065317559982585,2.093714341273036,0.3325
2588,rgb,8,0,-0.29148585298112767,4.0065317559982585,2.093734265484337,0.5695
2589,rgb,8,0,-0.29148585298112767,4.0065317559982585,2.0937563560465344,0.34525
2590,rgb,8,0,-0.29148585298112767,4.0065317559982585,2.0937043975528207,0.459416
2591,rgb,8,0,-0.29148585298112767,4.0065317559982585,2.093687213805489,0.414
2592,rgb,8,0,-0.29148585298112767,4.0065317559982585,2.093337910854708,0.430292
2593,rgb,8,0,-0.29148585298112767,4.0065317559982585,2.0928656038532347,0.343042
2594,rgb,8,0,-0.29148585298112767,4.0065317559982585,2.092284851992255,0.541209
2595,rgb,8,0,-0.29148585298112767,4.0065317559982585,2.0923217704667616,0.418084
2596,rgb,8,0,-0.29148585298112767,4.0065317559982585,2.092008995704483,0.387709
2597,rgb,7,0,-0.29148585298112767,4.0065317559982585,2.092093080192236,0.405583
2598,rgb,7,0,-0.29148585298112767,4.0065317559982585,2.092057720424301,0.429166
2599,rgb,8,0,-0.29148585298112767,4.0065317559982585,2.0915753282761864,0.432917
2600,rgb,8,0,-0.29148585298112767,4.0065317559982585,2.0914961178724036,0.386375
2601,rgb,8,0,-0.29148585298112767,4.0065317559982585,2.0915227928408706,0.487083
2602,rgb,8,0,-0.29148585298112767,4.0065317559982585,2.0915824042704765,0.334458
2603,rgb,8,0,-0.29148585298112767,4.0065317559982585,2.0915745929615435,0.375
2604,rgb,8,0,-0.29148585298112767,4.0065317559982585,2.091545700735943,0.313209
2605,rgb,8,0,-0.29148585298112767,4.0065317559982585,2.0915862646762173,0.270333
2606,rgb,8,0,-0.29148585298112767,4.0065317559982585,2.0915784279141656,0.34125
2607,rgb,8,0,-0.29148585298112767,4.0065317559982585,2.0915800342947444,0.309917
2608,rgb,8,0,-0.29148585298112767,4.0065317559982585,2.0915790246505788,0.302
2609,rgb,8,0,-0.29148585298112767,4.0065317559982585,2.0915394533873917,0.281334
2610,rgb,8,0,-0.29148585298112767,4.0065317559982585,2.0915814370488954,0.409
2611,rgb,8,0,-0.29148585298112767,4.0065317559982585,2.0915572423543347,0.345333
2612,rgb,8,0,-0.29148585298112767,4.0065317559982585,2.091588385777592,0.372125
2613,rgb,8,0,-0.29148585298112767,4.0065317559982585,2.091552853089248,0.377708
2614,rgb,7,0,-0.29148585298112767,4.0065317559982585,2.0915660564384746,0.41125
2615,rgb,7,0,-0.29148585298112767,4.0065317559982585,2.0915994704479965,0.383416
2616,rgb,8,0,-0.29148585298112767,4.0065317559982585,2.0915669412385762,0.358917
2617,rgb,8,0,-0.29148585298112767,4.0065317559982585,2.0915348956402307,0.408875
2618,rgb,8,0,-0.29148585298112767,4.0065317559982585,2.091477467532692,0.339
2619,rgb,8,0,-0.29148585298112767,4.0065317559982585,2.0915819501457884,0.280292
2620,rgb,7,0,-0.29148585298112767,4.0065317559982585,2.0915439270826903,0.381542
2621,rgb,7,0,-0.29148585298112767,4.0065317559982585,2.091538497063717,0.376625
2622,rgb,8,0,-0.29148585298112767,4.0065317559982585,2.0915491365073615,0.425459
2623,rgb,8,0,-0.29148585298112767,4.0065317559982585,2.0915608817519535,0.382917
2624,rgb,8,0,-0.29148585298112767,4.0065317559982585,2.0915179308683003,0.305958
2625,rgb,8,0,-0.29148585298112767,4.0065317559982585,2.0915420378912097,0.34625
2626,rgb,7,0,-0.29148585298112767,4.0065317559982585,2.091534022148786,0.335666
2627,rgb,8,0,-0.29148585298112767,4.0065317559982585,2.0915903557667628,0.37725
2628,rgb,8,0,-0.29148585298112767,4.0065317559982585,2.091584987966777,0.425125
2629,rgb,8,0,-0.29148585298112767,4.0065317559982585,2.09157480385256,0.392042
2630,rgb,8,0,-0.29148585298112767,4.0065317559982585,2.0915684037833637,0.390083
2631,rgb,7,0,-0.29148585298112767,4.0065317559982585,2.09155646420522,0.309292
2632,rgb,7,0,-0.29148585298112767,4.0065317559982585,2.0915986179604227,0.296875
2633,rgb,8,0,-0.29148585298112767,4.0065317559982585,2.0915509695439107,0.319667
2634,rgb,8,0,-0.29148585298112767,4.0065317559982585,2.091554668744444,0.318083
2635,rgb,8,0,-0.29148585298112767,4.0065317559982585,2.091535148956333,0.308083
2636,rgb,8,0,-0.29148585298112767,4.0065317559982585,2.0916534668101088,0.304291
2637,rgb,8,0,-0.29148585298112767,4.0065317559982585,2.0916826418503627,0.259959
2638,rgb,8,0,-0.29148585298112767,4.0065317559982585,2.091724747122222,0.297292
2639,rgb,8,0,-0.29148585298112767,4.0065317559982585,2.091582599401314,0.312625
2640,rgb,8,0,-0.29148585298112767,4.0065317559982585,2.09162623752463,0.327541
2641,rgb,8,0,-0.29148585298112767,4.0065317559982585,2.091673648377488,0.281917
2642,rgb,8,0,-0.29148585298112767,4.0065317559982585,2.091750302148008,0.364292
2643,rgb,8,0,-0.29148585298112767,4.0065317559982585,2.0917331466823237,0.318292
2644,rgb,8,0,-0.29148585298112767,4.0065317559982585,2.091778119685565,0.3035
2645,rgb,8,0,-0.29148585298112767,4.0065317559982585,2.0917978826925685,0.270166
2646,rgb,8,0,-0.29148585298112767,4.0065317559982585,2.091807976305696,0.352625
2647,rgb,8,0,-0.29148585298112767,4.0065317559982585,2.091682995362768,0.3415
2648,rgb,8,0,-0.29148585298112767,4.0065317559982585,2.091700085781391,0.36175
2649,rgb,8,0,-0.29148585298112767,4.0065317559982585,2.0916229229484964,0.296208
2650,rgb,8,0,-0.29148585298112767,4.0065317559982585,2.0915649716341216,0.355667
2651,rgb,8,0,-0.29148585298112767,4.0065317559982585,2.0916804387240484,0.360416
2652,rgb,8,0,-0.29148585298112767,4.0065317559982585,2.091366849461971,0.367417
2653,rgb,8,0,-0.29148585298112767,4.0065317559982585,2.09161229481169,0.33175
2654,rgb,8,0,-0.29148585298112767,4.0065317559982585,2.092219430342717,0.278125
2655,rgb,8,0,-0.29148585298112767,4.0065317559982585,2.0925618015177827,0.334292
2656,rgb,8,0,-0.29148585298112767,4.0065317559982585,2.0925420781047217,0.304208
2657,rgb,8,0,-0.29148585298112767,4.0065317559982585,2.09253100595624,0.310833
2658,rgb,8,0,-0.29148585298112767,4.0065317559982585,2.092404577010435,0.305458
2659,rgb,8,0,-0.29148585298112767,4.0065317559982585,2.092340468846211,0.327208
2660,rgb,8,0,-0.29148585298112767,4.0065317559982585,2.0923887677333335,0.304041
2661,rgb,8,0,-0.29148585298112767,4.0065317559982585,2.0923987991279285,0.300583
2662,rgb,8,0,-0.29148585298112767,4.0065317559982585,2.0923906908653374,0.328292
2663,rgb,8,0,-0.29148585298112767,4.0065317559982585,2.0923394054668245,0.406375
2664,rgb,8,0,-0.29148585298112767,4.0065317559982585,2.0923659248880506,0.350875
2665,rgb,8,0,-0.29148585298112767,4.0065317559982585,2.092355257162759,0.357625
2666,rgb,8,0,-0.29148585298112767,4.0065317559982585,2.092333528601281,0.414167
2667,rgb,8,0,-0.29148585298112767,4.0065317559982585,2.092326797640177,0.317709
2668,rgb,8,0,-0.29148585298112767,4.0065317559982585,2.092405476353357,0.299833
2669,rgb,8,0,-0.29148585298112767,4.0065317559982585,2.092398321172092,0.35175
2670,rgb,8,0,-0.29148585298112767,4.0065317559982585,2.0923854503304904,0.33725
2671,rgb,8,0,-0.29148585298112767,4.0065317559982585,2.0923948397382413,0.383792
2672,rgb,8,0,-0.29148585298112767,4.0065317559982585,2.092360924742658,0.315584
2673,rgb,8,0,-0.29148585298112767,4.0065317559982585,2.09234741757036,0.311709
2674,rgb,8,0,-0.29148585298112767,4.0065317559982585,2.092395017910982,0.352084
2675,rgb,8,0,-0.29148585298112767,4.0065317559982585,2.092372104361581,0.354708
2676,rgb,8,0,-0.29148585298112767,4.0065317559982585,2.092425179969447,0.302292
2677,rgb,8,0,-0.29148585298112767,4.0065317559982585,2.0923977809977226,0.322917
2678,rgb,8,0,-0.29148585298112767,4.0065317559982585,2.0924475901117114,0.25625
2679,rgb,8,0,-0.29148585298112767,4.0065317559982585,2.0924345750351643,0.333292
2680,rgb,8,0,-0.29148585298112767,4.0065317559982585,2.0924713068522545,0.338083
2681,rgb,8,0,-0.29148585298112767,4.0065317559982585,2.092460251673125,0.312208
2682,rgb,8,0,-0.29148585298112767,4.0065317559982585,2.0924258672072904,0.316958
2683,rgb,8,0,-0.29148585298112767,4.0065317559982585,2.0924407403687804,0.311709
2684,rgb,8,0,-0.29148585298112767,4.0065317559982585,2.092464703156744,0.299958
2685,rgb,8,0,-0.29148585298112767,4.0065317559982585,2.092413686430242,0.278333
2686,rgb,8,0,-0.29148585298112767,4.0065317559982585,2.092427770542323,0.336375
2687,rgb,8,0,-0.29148585298112767,4.0065317559982585,2.092403358081989,0.280125
2688,rgb,8,0,-0.29148585298112767,4.0065317559982585,2.092439733551779,0.345083
2689,rgb,8,0,-0.29148585298112767,4.0065317559982585,2.0924001113823545,0.299083
2690,rgb,8,0,-0.29148585298112767,4.0065317559982585,2.0924011040577364,0.337042
2691,rgb,8,0,-0.29148585298112767,4.0065317559982585,2.092392727122225,0.289292
2692,rgb,8,0,-0.29148585298112767,4.0065317559982585,2.092433446607921,0.339042
2693,rgb,8,0,-0.29148585298112767,4.0065317559982585,2.092411104341246,0.368209
2694,rgb,8,0,-0.29148585298112767,4.0065317559982585,2.092417654301536,0.345333
2695,rgb,8,0,-0.29148585298112767,4.0065317559982585,2.092438698453699,0.292708
2696,rgb,8,0,-0.29148585298112767,4.0065317559982585,2.0923625820272003,0.356375
2697,rgb,8,0,-0.29148585298112767,4.0065317559982585,2.0924130331243953,0.345
2698,rgb,8,0,-0.29148585298112767,4.0065317559982585,2.09239365757123,0.320625
2699,rgb,8,0,-0.29148585298112767,4.0065317559982585,2.092383688396077,0.33925
2700,rgb,8,0,-0.29148585298112767,4.0065317559982585,2.092417843782024,0.333833
2701,rgb,8,0,-0.29148585298112767,4.0065317559982585,2.0922625763453846,0.353667
2702,rgb,8,0,-0.29148585298112767,4.0065317559982585,2.0922000632529683,0.3455
2703,rgb,8,0,-0.29148585298112767,4.0065317559982585,2.0922535772227286,0.338292
2704,rgb,8,0,-0.29148585298112767,4.0065317559982585,2.0922121026235994,0.294583
2705,rgb,8,0,-0.29148585298112767,4.0065317559982585,2.09228406451468,0.291833
2706,rgb,8,0,-0.29148585298112767,4.0065317559982585,2.092275868579528,0.291917
2707,rgb,8,0,-0.29148585298112767,4.0065317559982585,2.092273345883151,0.364167
2708,rgb,8,0,-0.29148585298112767,4.0065317559982585,2.092292664873022,0.303042
2709,rgb,8,0,-0.29148585298112767,4.0065317559982585,2.0921825175049173,0.355167
2710,rgb,8,0,-0.29148585298112767,4.0065317559982585,2.0922053066154342,0.328625
2711,rgb,8,0,-0.29148585298112767,4.0065317559982585,2.092184774355993,0.304875
2712,rgb,8,0,-0.29148585298112767,4.0065317559982585,2.092188685666607,0.300541
2713,rgb,8,0,-0.29148585298112767,4.0065317559982585,2.092169327082794,0.402125
2714,rgb,8,0,-0.29148585298112767,4.0065317559982585,2.0921532491355004,0.338
2715,rgb,8,0,-0.29148585298112767,4.0065317559982585,2.09209490188534,0.420042
2716,rgb,8,0,-0.29148585298112767,4.0065317559982585,2.0921853512935025,0.292834
2717,rgb,8,0,-0.29148585298112767,4.0065317559982585,2.0921534216484554,0.413583
2718,rgb,8,0,-0.29148585298112767,4.0065317559982585,2.0921573075059507,0.305791
2719,rgb,8,0,-0.29148585298112767,4.0065317559982585,2.092192110535799,0.26275
2720,rgb,8,0,-0.29148585298112767,4.0065317559982585,2.0921684079378986,0.448292
2721,rgb,8,0,-0.29148585298112767,4.0065317559982585,2.092162468854732,0.289042
2722,rgb,8,0,-0.29148585298112767,4.0065317559982585,2.0922010898669408,0.302625
2723,rgb,8,0,-0.29148585298112767,4.0065317559982585,2.0921872942247512,0.390083
2724,rgb,8,0,-0.29148585298112767,4.0065317559982585,2.09217729959557,0.3305
2725,rgb,8,0,-0.29148585298112767,4.0065317559982585,2.092159586986164,0.367791
2726,rgb,8,0,-0.29148585298112767,4.0065317559982585,2.09215249685196,0.3765
2727,rgb,8,0,-0.29148585298112767,4.0065317559982585,2.092179494227204,0.312833
2728,rgb,8,0,-0.29148585298112767,4.0065317559982585,2.0921788352717465,0.307083
2729,rgb,8,0,-0.29148585298112767,4.0065317559982585,2.0922041357663455,0.461958
2730,rgb,8,0,-0.29148585298112767,4.0065317559982585,2.0922222641112365,0.373208
2731,rgb,8,0,-0.29148585298112767,4.0065317559982585,2.0921859876235738,0.421542
2732,rgb,8,0,-0.29148585298112767,4.0065317559982585,2.0921615864755347,0.356
2733,rgb,8,0,-0.29148585298112767,4.0065317559982585,2.0924066132539645,0.351166
2734,rgb,8,0,-0.29148585298112767,4.0065317559982585,2.092371490645868,0.469792
2735,rgb,8,0,-0.29148585298112767,4.0065317559982585,2.0924306326015847,0.403792
2736,rgb,7,0,-0.29148585298112767,4.0065317559982585,2.09231410051519,0.317833
2737,rgb,7,0,-0.29148585298112767,4.0065317559982585,2.0918815413134633,0.312208
2738,rgb,9,0,-0.29148585298112767,4.0065317559982585,2.0918397502792994,0.3355
2739,rgb,7,0,-0.29148585298112767,4.0065317559982585,2.092005553317116,0.352042
2740,rgb,8,0,-0.29148585298112767,4.0065317559982585,2.0914670481689734,0.280125
2741,rgb,7,0,-0.29148585298112767,4.0065317559982585,2.091486311808816,0.2805
2742,rgb,7,0,-0.29148585298112767,4.0065317559982585,2.0918885469146824,0.269041
2743,rgb,7,0,-0.29148585298112767,4.0065317559982585,2.0917313123064867,0.324625
2744,rgb,8,0,-0.29148585298112767,4.0065317559982585,2.0909892323253496,0.38175
2745,rgb,8,0,-0.29148585298112767,4.0065317559982585,2.090832762929616,0.317334
2746,rgb,8,0,-0.29148585298112767,4.0065317559982585,2.091184469798585,0.371875
2747,rgb,8,0,-0.29148585298112767,4.0065317559982585,2.0912140238089103,0.463
2748,rgb,8,0,-0.29148585298112767,4.0065317559982585,2.0904104743259575,0.380375
2749,rgb,8,0,-0.29148585298112767,4.0065317559982585,2.0895664513683494,0.324208
2750,rgb,8,0,-0.29148585298112767,4.0065317559982585,2.0903213342991274,0.392083
2751,rgb,8,0,-0.29148585298112767,4.0065317559982585,2.090323062289607,0.3735
2752,rgb,8,0,-0.29148585298112767,4.0065317559982585,2.090349457271949,0.431292
2753,rgb,8,0,-0.29148585298112767,4.0065317559982585,2.09065700280349,0.322791
2754,rgb,8,0,-0.29148585298112767,4.0065317559982585,2.0899737621528027,0.4215
2755,rgb,7,0,-0.29148585298112767,4.0065317559982585,2.0900074702892733,0.364917
2756,rgb,7,0,-0.29148585298112767,4.0065317559982585,2.0900703777022125,0.350167
2757,rgb,8,0,-0.29148585298112767,4.0065317559982585,2.090015845604065,0.308875
2758,rgb,7,0,-0.29148585298112767,4.0065317559982585,2.089931095286155,0.368458
2759,rgb,8,0,-0.29148585298112767,4.0065317559982585,2.0899273451791567,0.374542
2760,rgb,8,0,-0.29148585298112767,4.0065317559982585,2.0897739584465933,0.366
2761,rgb,8,0,-0.29148585298112767,4.0065317559982585,2.0893053817412772,0.315333
2762,rgb,7,0,-0.29148585298112767,4.0065317559982585,2.08930638370908,0.490208
2763,rgb,9,0,-0.29148585298112767,4.0065317559982585,2.089618582128204,0.455917
2764,rgb,9,0,-0.29148585298112767,4.0065317559982585,2.0893303813597948,0.362
2765,rgb,9,0,-0.29148585298112767,4.0065317559982585,2.088625617669785,0.317417
2766,rgb,8,0,-0.29148585298112767,4.0065317559982585,2.0885682885480117,0.304833
2767,rgb,8,0,-0.29148585298112767,4.0065317559982585,2.0893056568518285,0.338041
2768,rgb,8,0,-0.29148585298112767,4.0065317559982585,2.0891610090682287,0.29125
2769,rgb,7,0,-0.29148585298112767,4.0065317559982585,2.0891191559010247,0.333375
2770,rgb,8,0,-0.29148585298112767,4.0065317559982585,2.089418296217226,0.449708
2771,rgb,7,0,-0.29148585298112767,4.0065317559982585,2.0894069287312584,0.3435
2772,rgb,7,0,-0.29148585298112767,4.0065317559982585,2.089399362258754,0.389125
2773,rgb,8,0,-0.29148585298112767,4.0065317559982585,2.089324128216739,0.41475
2774,rgb,8,0,-0.29148585298112767,4.0065317559982585,2.089353142052695,0.322333
2775,rgb,8,0,-0.29148585298112767,4.0065317559982585,2.089478589631889,0.343917
2776,rgb,8,0,-0.29148585298112767,4.0065317559982585,2.089388988658592,0.336459
2777,rgb,9,0,-0.29148585298112767,4.0065317559982585,2.089357894257099,0.364583
2778,rgb,8,0,-0.29148585298112767,4.0065317559982585,2.089393687133687,0.303459
2779,rgb,8,0,-0.29148585298112767,4.0065317559982585,2.08938880577285,0.358708
2780,rgb,8,0,-0.29148585298112767,4.0065317559982585,2.089353844367232,0.336542
2781,rgb,7,0,-0.29148585298112767,4.0065317559982585,2.089381143141744,0.297208
2782,rgb,9,0,-0.29148585298112767,4.0065317559982585,2.089366570077126,0.311834
2783,rgb,7,0,-0.29148585298112767,4.0065317559982585,2.08935651161324,0.284291
2784,rgb,7,0,-0.29148585298112767,4.0065317559982585,2.0893505418241682,0.318167
2785,rgb,8,0,-0.29148585298112767,4.0065317559982585,2.0894018187389145,0.330916
2786,rgb,9,0,-0.29148585298112767,4.0065317559982585,2.089385367793292,0.377625
2787,rgb,8,0,-0.29148585298112767,4.0065317559982585,2.0893828762064084,0.33475
2788,rgb,8,0,-0.29148585298112767,4.0065317559982585,2.0894236918511604,0.319083
2789,rgb,8,0,-0.29148585298112767,4.0065317559982585,2.089403561186381,0.344375
2790,rgb,8,0,-0.29148585298112767,4.0065317559982585,2.089391312533743,0.311833
2791,rgb,7,0,-0.29148585298112767,4.0065317559982585,2.089393057897049,0.32225
2792,rgb,8,0,-0.29148585298112767,4.0065317559982585,2.089710609383709,0.346709
2793,rgb,9,0,-0.29148585298112767,4.0065317559982585,2.089916080302154,0.337667
2794,rgb,8,0,-0.29148585298112767,4.0065317559982585,2.0898764807573196,0.424125
2795,rgb,9,0,-0.29148585298112767,4.0065317559982585,2.0892912906204026,0.449291
2796,rgb,9,0,-0.29148585298112767,4.0065317559982585,2.089939941543215,0.411875
2797,rgb,8,0,-0.29148585298112767,4.0065317559982585,2.089794122912516,0.367542
2798,rgb,8,0,-0.29148585298112767,4.0065317559982585,2.0901652590621405,0.354042
2799,rgb,9,0,-0.29148585298112767,4.0065317559982585,2.089546236886471,0.376458
2800,rgb,8,0,-0.29148585298112767,4.0065317559982585,2.0901425971899323,0.379125
2801,rgb,8,0,-0.29148585298112767,4.0065317559982585,2.089458997397977,0.36075
2802,rgb,8,0,-0.29148585298112767,4.0065317559982585,2.088694337617434,0.367875
2803,rgb,7,0,-0.29148585298112767,4.0065317559982585,2.0887138727578156,0.325709
2804,rgb,8,0,-0.29148585298112767,4.0065317559982585,2.0889290711950332,0.329625
2805,rgb,9,0,-0.29148585298112767,4.0065317559982585,2.0888457706771613,0.343625
2806,rgb,8,0,-0.29148585298112767,4.0065317559982585,2.0888457706771613,0.3635
2807,rgb,8,0,-0.29148585298112767,4.0065317559982585,2.088186914205161,0.335708
2808,rgb,7,0,-0.29148585298112767,4.0065317559982585,2.088212535491274,0.307208
2809,rgb,8,0,-0.29148585298112767,4.0065317559982585,2.087800891961032,0.353333
2810,rgb,7,0,-0.29148585298112767,4.0065317559982585,2.0877273927692466,0.420542
2811,rgb,8,0,-0.29148585298112767,4.0065317559982585,2.0874990095546844,0.311125
2812,rgb,8,0,-0.29148585298112767,4.0065317559982585,2.0880871767806264,0.351375
2813,rgb,8,0,-0.29148585298112767,4.0065317559982585,2.088008172832141,0.429041
2814,rgb,8,0,-0.29148585298112767,4.0065317559982585,2.087985615628221,0.401417
2815,rgb,7,0,-0.29148585298112767,4.0065317559982585,2.08800474028454,0.326875
2816,rgb,8,0,-0.29148585298112767,4.0065317559982585,2.088255033051845,0.342916
2817,rgb,8,0,-0.29148585298112767,4.0065317559982585,2.08833399175115,0.371292
2818,rgb,7,0,-0.29148585298112767,4.0065317559982585,2.08834967739518,0.378708
2819,rgb,8,0,-0.29148585298112767,4.0065317559982585,2.0876345608323925,0.36475
2820,rgb,8,0,-0.29148585298112767,4.0065317559982585,2.0878351576159355,0.308625
2821,rgb,7,0,-0.29148585298112767,4.0065317559982585,2.0880619126312547,0.304208
2822,rgb,8,0,-0.29148585298112767,4.0065317559982585,2.08877774468261,0.452292
2823,rgb,8,0,-0.29148585298112767,4.0065317559982585,2.088647149901825,0.32075
2824,rgb,7,0,-0.29148585298112767,4.0065317559982585,2.0886355593968426,0.297292
2825,rgb,8,0,-0.29148585298112767,4.0065317559982585,2.0885448780820832,0.338
2826,rgb,7,0,-0.29148585298112767,4.0065317559982585,2.0885597298313394,0.405208
2827,rgb,8,0,-0.29148585298112767,4.0065317559982585,2.0884927793943087,0.349667
2828,rgb,8,0,-0.29148585298112767,4.0065317559982585,2.0885055569081112,0.545917
2829,rgb,8,0,-0.29148585298112767,4.0065317559982585,2.0884975645988186,0.386792
2830,rgb,8,0,-0.29148585298112767,4.0065317559982585,2.088541361097904,0.402958
2831,rgb,8,0,-0.29148585298112767,4.0065317559982585,2.0884928274738366,0.292375
2832,rgb,8,0,-0.29148585298112767,4.0065317559982585,2.0885205318829856,0.286792
2833,rgb,8,0,-0.29148585298112767,4.0065317559982585,2.0885476650094086,0.412833
2834,rgb,8,0,-0.29148585298112767,4.0065317559982585,2.088501549440715,0.407458
2835,rgb,8,0,-0.29148585298112767,4.0065317559982585,2.088522446529404,0.305
2836,rgb,8,0,-0.29148585298112767,4.0065317559982585,2.088502918257526,0.392083
2837,rgb,8,0,-0.29148585298112767,4.0065317559982585,2.0885732285207803,0.34
2838,rgb,8,0,-0.29148585298112767,4.0065317559982585,2.088505757707261,0.335375
2839,rgb,8,0,-0.29148585298112767,4.0065317559982585,2.08854399692087,0.352833
2840,rgb,8,0,-0.29148585298112767,4.0065317559982585,2.088532763569,0.267666
2841,rgb,8,0,-0.29148585298112767,4.0065317559982585,2.088490618701379,0.324167
2842,rgb,8,0,-0.29148585298112767,4.0065317559982585,2.0885443419531464,0.279959
2843,rgb,8,0,-0.29148585298112767,4.0065317559982585,2.088549678643866,0.400708
2844,rgb,8,0,-0.29148585298112767,4.0065317559982585,2.0885280716927435,0.366458
2845,rgb,8,0,-0.29148585298112767,4.0065317559982585,2.088524875900256,0.315333
2846,rgb,8,0,-0.29148585298112767,4.0065317559982585,2.088539242826081,0.337416
2847,rgb,8,0,-0.29148585298112767,4.0065317559982585,2.0885381002596057,0.304583
2848,rgb,8,0,-0.29148585298112767,4.0065317559982585,2.0884968038341265,0.342708
2849,rgb,8,0,-0.29148585298112767,4.0065317559982585,2.0884637203131513,0.291083
2850,rgb,8,0,-0.29148585298112767,4.0065317559982585,2.0884793287901937,0.296667
2851,rgb,8,0,-0.29148585298112767,4.0065317559982585,2.0884815573605318,0.255917
2852,rgb,8,0,-0.29148585298112767,4.0065317559982585,2.0884475207582307,0.337792
2853,rgb,8,0,-0.29148585298112767,4.0065317559982585,2.0884488867474227,0.290333
2854,rgb,8,0,-0.29148585298112767,4.0065317559982585,2.0884159220064555,0.291375
2855,rgb,8,0,-0.29148585298112767,4.0065317559982585,2.0884613871045383,0.295333
2856,rgb,8,0,-0.29148585298112767,4.0065317559982585,2.0884266406379846,0.307375
2857,rgb,8,0,-0.29148585298112767,4.0065317559982585,2.0884046207799054,0.283042
2858,rgb,8,0,-0.29148585298112767,4.0065317559982585,2.0884012524712796,0.287041
2859,rgb,8,0,-0.29148585298112767,4.0065317559982585,2.088446802410666,0.284083
2860,rgb,8,0,-0.29148585298112767,4.0065317559982585,2.088403005911581,0.424042
2861,rgb,8,0,-0.29148585298112767,4.0065317559982585,2.0884595007356745,0.454792
2862,rgb,8,0,-0.29148585298112767,4.0065317559982585,2.088409355075904,0.377291
2863,rgb,8,0,-0.29148585298112767,4.0065317559982585,2.0884077911173415,0.262834
2864,rgb,8,0,-0.29148585298112767,4.0065317559982585,2.088422211777023,0.317
2865,rgb,8,0,-0.29148585298112767,4.0065317559982585,2.088372628916212,0.275125
2866,rgb,8,0,-0.29148585298112767,4.0065317559982585,2.0884047395616188,0.333291
2867,rgb,8,0,-0.29148585298112767,4.0065317559982585,2.0884417598486005,0.320042
2868,rgb,8,0,-0.29148585298112767,4.0065317559982585,2.0884153988031438,0.327708
2869,rgb,8,0,-0.29148585298112767,4.0065317559982585,2.0884367370804364,0.329292
2870,rgb,8,0,-0.29148585298112767,4.0065317559982585,2.088416343398884,0.348583
2871,rgb,8,0,-0.29148585298112767,4.0065317559982585,2.088445427938958,0.296
2872,rgb,8,0,-0.29148585298112767,4.0065317559982585,2.0884040636360703,0.374958
2873,rgb,8,0,-0.29148585298112767,4.0065317559982585,2.088390092649669,0.371625
2874,rgb,8,0,-0.29148585298112767,4.0065317559982585,2.0884074743667123,0.362792
2875,rgb,8,0,-0.29148585298112767,4.0065317559982585,2.0884070727715676,0.430459
2876,rgb,8,0,-0.29148585298112767,4.0065317559982585,2.08842409814313,0.615708
2877,rgb,8,0,-0.29148585298112767,4.0065317559982585,2.0884152460812198,0.336958
2878,rgb,8,0,-0.29148585298112767,4.0065317559982585,2.0883963795940668,0.308625
2879,rgb,8,0,-0.29148585298112767,4.0065317559982585,2.0883726713391093,0.350875
2880,rgb,8,0,-0.29148585298112767,4.0065317559982585,2.088385058569636,0.382084
2881,rgb,8,0,-0.29148585298112767,4.0065317559982585,2.0884191036593416,0.418125
2882,rgb,8,0,-0.29148585298112767,4.0065317559982585,2.088452246573959,0.348041
2883,rgb,8,0,-0.29148585298112767,4.0065317559982585,2.0884124575449983,0.324083
2884,rgb,8,0,-0.29148585298112767,4.0065317559982585,2.0884351137346835,0.261875
2885,rgb,8,0,-0.29148585298112767,4.0065317559982585,2.0884451564415736,0.304541
2886,rgb,8,0,-0.29148585298112767,4.0065317559982585,2.0884598995089414,0.314334
2887,rgb,8,0,-0.29148585298112767,4.0065317559982585,2.088422638831596,0.318583
2888,rgb,8,0,-0.29148585298112767,4.0065317559982585,2.088408871471054,0.322292
2889,rgb,8,0,-0.29148585298112767,4.0065317559982585,2.088430481250705,0.322083
2890,rgb,8,0,-0.29148585298112767,4.0065317559982585,2.088406252619259,0.318292
2891,rgb,8,0,-0.29148585298112767,4.0065317559982585,2.0884265190333986,0.293541
2892,rgb,8,0,-0.29148585298112767,4.0065317559982585,2.0883907205033916,0.308625
2893,rgb,8,0,-0.29148585298112767,4.0065317559982585,2.088457130766053,0.300833
2894,rgb,8,0,-0.29148585298112767,4.0065317559982585,2.088428611853467,0.445416
2895,rgb,8,0,-0.29148585298112767,4.0065317559982585,2.088423442022738,0.406584
2896,rgb,8,0,-0.29148585298112767,4.0065317559982585,2.088394756250616,0.375916
2897,rgb,8,0,-0.29148585298112767,4.0065317559982585,2.0883934807617175,0.270833
2898,rgb,8,0,-0.29148585298112767,4.0065317559982585,2.0883890349337912,0.3115
2899,rgb,8,0,-0.29148585298112767,4.0065317559982585,2.088402906935337,0.274875
2900,rgb,8,0,-0.29148585298112767,4.0065317559982585,2.0883773462524937,0.279166
2901,rgb,8,0,-0.29148585298112767,4.0065317559982585,2.088399097438562,0.323417
2902,rgb,8,0,-0.29148585298112767,4.0065317559982585,2.088408441596223,0.393041
2903,rgb,8,0,-0.29148585298112767,4.0065317559982585,2.0884113885127613,0.307459
2904,rgb,8,0,-0.29148585298112767,4.0065317559982585,2.088455711041754,0.295958
2905,rgb,8,0,-0.29148585298112767,4.0065317559982585,2.0884305802352197,0.340625
2906,rgb,8,0,-0.29148585298112767,4.0065317559982585,2.088468584711884,0.343417
2907,rgb,8,0,-0.29148585298112767,4.0065317559982585,2.0884154044611956,0.281583
2908,rgb,8,0,-0.29148585298112767,4.0065317559982585,2.0884161228074527,0.32325
2909,rgb,8,0,-0.29148585298112767,4.0065317559982585,2.088396082642853,0.284709
2910,rgb,8,0,-0.29148585298112767,4.0065317559982585,2.088418280674582,0.408209
2911,rgb,8,0,-0.29148585298112767,4.0065317559982585,2.0884240274446393,0.416417
2912,rgb,8,0,-0.29148585298112767,4.0065317559982585,2.08846336397452,0.371583
2913,rgb,8,0,-0.29148585298112767,4.0065317559982585,2.088415953121662,0.337917
2914,rgb,8,0,-0.29148585298112767,4.0065317559982585,2.0884252548577615,0.326541
2915,rgb,8,0,-0.29148585298112767,4.0065317559982585,2.0884614182188352,0.343208
2916,rgb,8,0,-0.29148585298112767,4.0065317559982585,2.0884358009726975,0.380875
2917,rgb,8,0,-0.29148585298112767,4.0065317559982585,2.0883908958468647,0.307
2918,rgb,8,0,-0.29148585298112767,4.0065317559982585,2.0884013090400595,0.295417
2919,rgb,8,0,-0.29148585298112767,4.0065317559982585,2.088384475981152,0.397958
2920,rgb,8,0,-0.29148585298112767,4.0065317559982585,2.0884205629810504,0.376166
2921,rgb,8,0,-0.29148585298112767,4.0065317559982585,2.0884651881207583,0.387333
2922,rgb,8,0,-0.29148585298112767,4.0065317559982585,2.0884234731312654,0.378917
2923,rgb,8,0,-0.29148585298112767,4.0065317559982585,2.088422619034511,0.449375
2924,rgb,8,0,-0.29148585298112767,4.0065317559982585,2.088404106062492,0.367708
2925,rgb,8,0,-0.29148585298112767,4.0065317559982585,2.0884332952435694,0.352167
2926,rgb,8,0,-0.29148585298112767,4.0065317559982585,2.088443035340654,0.336167
2927,rgb,8,0,-0.29148585298112767,4.0065317559982585,2.088430913954519,0.376875
2928,rgb,8,0,-0.29148585298112767,4.0065317559982585,2.0884574192349215,0.313125
2929,rgb,8,0,-0.29148585298112767,4.0065317559982585,2.088467566582815,0.344417
2930,rgb,8,0,-0.29148585298112767,4.0065317559982585,2.088420619543151,0.410166
2931,rgb,8,0,-0.29148585298112767,4.0065317559982585,2.0884443334551657,0.326916
2932,rgb,8,0,-0.29148585298112767,4.0065317559982585,2.0884492742069165,0.366208
2933,rgb,8,0,-0.29148585298112767,4.0065317559982585,2.088426832956295,0.318292
2934,rgb,8,0,-0.29148585298112767,4.0065317559982585,2.0884626965370012,0.340375
2935,rgb,8,0,-0.29148585298112767,4.0065317559982585,2.0884241716838483,0.350541
2936,rgb,8,0,-0.29148585298112767,4.0065317559982585,2.0884202151231444,0.349333
2937,rgb,8,0,-0.29148585298112767,4.0065317559982585,2.0884083115036924,0.336333
2938,rgb,8,0,-0.29148585298112767,4.0065317559982585,2.08843213288342,0.340583
2939,rgb,8,0,-0.29148585298112767,4.0065317559982585,2.0884564293904555,0.43275
2940,rgb,8,0,-0.29148585298112767,4.0065317559982585,2.0884572495495854,0.361625
2941,rgb,8,0,-0.29148585298112767,4.0065317559982585,2.0884579113331734,0.398709
2942,rgb,8,0,-0.29148585298112767,4.0065317559982585,2.0884330859640636,0.367042
2943,rgb,8,0,-0.29148585298112767,4.0065317559982585,2.088447735702723,0.337541
2944,rgb,8,0,-0.29148585298112767,4.0065317559982585,2.0884454816792664,0.382708
2945,rgb,8,0,-0.29148585298112767,4.0065317559982585,2.088450634541098,0.285417
2946,rgb,8,0,-0.29148585298112767,4.0065317559982585,2.088466774706924,0.26775
2947,rgb,8,0,-0.29148585298112767,4.0065317559982585,2.0884454533971644,0.359417
2948,rgb,8,0,-0.29148585298112767,4.0065317559982585,2.0884365900220496,0.335875
2949,rgb,8,0,-0.29148585298112767,4.0065317559982585,2.0884462622435445,0.431625
2950,rgb,8,0,-0.29148585298112767,4.0065317559982585,2.0884694359811897,0.364209
2951,rgb,8,0,-0.29148585298112767,4.0065317559982585,2.088478033511003,0.337042
2952,rgb,8,0,-0.29148585298112767,4.0065317559982585,2.088431386255345,0.299667
2953,rgb,8,0,-0.29148585298112767,4.0065317559982585,2.088460411403596,0.37925
2954,rgb,8,0,-0.29148585298112767,4.0065317559982585,2.0884926068903065,0.326167
2955,rgb,8,0,-0.29148585298112767,4.0065317559982585,2.0884477441869445,0.330667
2956,rgb,8,0,-0.29148585298112767,4.0065317559982585,2.08845954882245,0.255666
2957,rgb,8,0,-0.29148585298112767,4.0065317559982585,2.08842762483446,0.313292
2958,rgb,8,0,-0.29148585298112767,4.0065317559982585,2.0884264426740424,0.379042
2959,rgb,8,0,-0.29148585298112767,4.0065317559982585,2.088485717554229,0.463875
2960,rgb,8,0,-0.29148585298112767,4.0065317559982585,2.088454726853322,0.344334
2961,rgb,8,0,-0.29148585298112767,4.0065317559982585,2.0884234250542955,0.420125
2962,rgb,8,0,-0.29148585298112767,4.0065317559982585,2.0884055512424107,0.338333
2963,rgb,8,0,-0.29148585298112767,4.0065317559982585,2.0884943263945184,0.28925
2964,rgb,8,0,-0.29148585298112767,4.0065317559982585,2.088469170134865,0.325708
2965,rgb,8,0,-0.29148585298112767,4.0065317559982585,2.088497672078099,0.2865
2966,rgb,8,0,-0.29148585298112767,4.0065317559982585,2.088463310240493,0.348458
2967,rgb,8,0,-0.29148585298112767,4.0065317559982585,2.088465349325795,0.280083
2968,rgb,8,0,-0.29148585298112767,4.0065317559982585,2.088467855053275,0.341291
2969,rgb,8,0,-0.29148585298112767,4.0065317559982585,2.088466969847027,0.494916
2970,rgb,8,0,-0.29148585298112767,4.0065317559982585,2.0884318585530446,0.373959
2971,rgb,8,0,-0.29148585298112767,4.0065317559982585,2.0884355209877095,0.34525
2972,rgb,8,0,-0.29148585298112767,4.0065317559982585,2.0884453006778267,0.338458
2973,rgb,8,0,-0.29148585298112767,4.0065317559982585,2.0884228707395005,0.425
2974,rgb,8,0,-0.29148585298112767,4.0065317559982585,2.0884380012616157,0.358875
2975,rgb,8,0,-0.29148585298112767,4.0065317559982585,2.088450852306246,0.371584
2976,rgb,8,0,-0.29148585298112767,4.0065317559982585,2.0884782371371466,0.351209
2977,rgb,8,0,-0.29148585298112767,4.0065317559982585,2.088458196972547,0.360083
2978,rgb,8,0,-0.29148585298112767,4.0065317559982585,2.0884948552588094,0.451333
2979,rgb,8,0,-0.29148585298112767,4.0065317559982585,2.088467111255718,0.425958
2980,rgb,8,0,-0.29148585298112767,4.0065317559982585,2.0884198587786296,0.3805
2981,rgb,8,0,-0.29148585298112767,4.0065317559982585,2.0884752082069236,0.398917
2982,rgb,8,0,-0.29148585298112767,4.0065317559982585,2.0884793033464257,0.441917
2983,rgb,8,0,-0.29148585298112767,4.0065317559982585,2.0884873918120457,0.341708
2984,rgb,8,0,-0.29148585298112767,4.0065317559982585,2.0885065382853236,0.362458
2985,rgb,8,0,-0.29148585298112767,4.0065317559982585,2.088486240761008,0.384167
2986,rgb,8,0,-0.29148585298112767,4.0065317559982585,2.0885012383604726,0.447625
2987,rgb,8,0,-0.29148585298112767,4.0065317559982585,2.0884874596867258,0.362291
2988,rgb,8,0,-0.29148585298112767,4.0065317559982585,2.088497216752253,0.303583
2989,rgb,8,0,-0.29148585298112767,4.0065317559982585,2.0884764243045675,0.35825
2990,rgb,8,0,-0.29148585298112767,4.0065317559982585,2.0884636298223223,0.320042
2991,rgb,8,0,-0.29148585298112767,4.0065317559982585,2.088480016035569,0.339333
2992,rgb,8,0,-0.29148585298112767,4.0065317559982585,2.088524943785992,0.326958
2993,rgb,8,0,-0.29148585298112767,4.0065317559982585,2.0884641332276397,0.292208
2994,rgb,8,0,-0.29148585298112767,4.0065317559982585,2.088463556288141,0.402416
2995,rgb,8,0,-0.29148585298112767,4.0065317559982585,2.0884823464159377,0.424417
2996,rgb,8,0,-0.29148585298112767,4.0065317559982585,2.0884690174163802,0.304042
2997,rgb,8,0,-0.29148585298112767,4.0065317559982585,2.088534545301834,0.317167
2998,rgb,8,0,-0.29148585298112767,4.0065317559982585,2.0885029041266785,0.265417
2999,rgb,8,0,-0.29148585298112767,4.0065317559982585,2.0882610985893075,0.326625
3000,rgb,8,0,-0.29148585298112767,4.0065317559982585,2.082943701639331,0.417667
3001,rgb,8,0,-0.29148585298112767,4.0065317559982585,2.082683688571003,0.319333
3002,rgb,8,0,-0.29148585298112767,4.0065317559982585,2.0829718444030982,0.325125
3003,rgb,8,0,-0.29148585298112767,4.0065317559982585,2.0832981942105357,0.428125
3004,rgb,8,0,-0.29148585298112767,4.0065317559982585,2.0833436055720336,0.274375
3005,rgb,7,0,-0.29148585298112767,4.0065317559982585,2.0833126286081347,0.312084
3006,rgb,8,0,-0.29148585298112767,4.0065317559982585,2.0832635519829887,0.333334
3007,rgb,8,0,-0.29148585298112767,4.0065317559982585,2.0836961887464236,0.308333
3008,rgb,7,0,-0.29148585298112767,4.0065317559982585,2.0836915990873672,0.35575
3009,rgb,8,0,-0.29148585298112767,4.0065317559982585,2.08385414331108,0.309333
3010,rgb,7,0,-0.29148585298112767,4.0065317559982585,2.0837709024124047,0.415875
3011,rgb,8,0,-0.29148585298112767,4.0065317559982585,2.0845416823210394,0.34925
3012,rgb,7,0,-0.29148585298112767,4.0065317559982585,2.0846166101179984,0.374958
3013,rgb,7,0,-0.29148585298112767,4.0065317559982585,2.0845739101275536,0.333708
3014,rgb,7,0,-0.29148585298112767,4.0065317559982585,2.0845172149090354,0.2985
3015,rgb,8,0,-0.29148585298112767,4.0065317559982585,2.085482253747366,0.315542
3016,rgb,7,0,-0.29148585298112767,4.0065317559982585,2.0854923865506203,0.440791
3017,rgb,7,0,-0.29148585298112767,4.0065317559982585,2.085466160852527,0.358542
3018,rgb,8,0,-0.29148585298112767,4.0065317559982585,2.084956412151521,0.300834
3019,rgb,8,0,-0.29148585298112767,4.0065317559982585,2.085313017340675,0.348583
3020,rgb,7,0,-0.29148585298112767,4.0065317559982585,2.0854159032739767,0.331542
3021,rgb,7,0,-0.29148585298112767,4.0065317559982585,2.085471729037388,0.310708
3022,rgb,7,0,-0.29148585298112767,4.0065317559982585,2.085389813316149,0.286334
3023,rgb,7,0,-0.29148585298112767,4.0065317559982585,2.085329352640408,0.311083
3024,rgb,8,0,-0.29148585298112767,4.0065317559982585,2.0855931723733443,0.282833
3025,rgb,7,0,-0.29148585298112767,4.0065317559982585,2.0855861133484064,0.253166
3026,rgb,8,0,-0.29148585298112767,4.0065317559982585,2.085513995904628,0.316042
3027,rgb,7,0,-0.29148585298112767,4.0065317559982585,2.0855378492039813,0.287459
3028,rgb,7,0,-0.29148585298112767,4.0065317559982585,2.085602085032158,0.383625
3029,rgb,8,0,-0.29148585298112767,4.0065317559982585,2.085629331283351,0.37575
3030,rgb,7,0,-0.29148585298112767,4.0065317559982585,2.0855313420622474,0.363875
3031,rgb,8,0,-0.29148585298112767,4.0065317559982585,2.085685401879098,0.28875
3032,rgb,7,0,-0.29148585298112767,4.0065317559982585,2.0857402612352667,0.295375
3033,rgb,8,0,-0.29148585298112767,4.0065317559982585,2.085969475917161,0.399125
3034,rgb,7,0,-0.29148585298112767,4.0065317559982585,2.0858942895472206,0.32125
3035,rgb,7,0,-0.29148585298112767,4.0065317559982585,2.0860070658716063,0.368791
3036,rgb,7,0,-0.29148585298112767,4.0065317559982585,2.086038055764882,0.347667
3037,rgb,8,0,-0.29148585298112767,4.0065317559982585,2.0858497613741998,0.281333
3038,rgb,8,0,-0.29148585298112767,4.0065317559982585,2.08620805496387,0.345125
3039,rgb,7,0,-0.29148585298112767,4.0065317559982585,2.0863455572768794,0.32725
3040,rgb,8,0,-0.29148585298112767,4.0065317559982585,2.086257144125491,0.36475
3041,rgb,7,0,-0.29148585298112767,4.0065317559982585,2.0861738288883567,0.338
3042,rgb,8,0,-0.29148585298112767,4.0065317559982585,2.08608311929195,0.347417
3043,rgb,7,0,-0.29148585298112767,4.0065317559982585,2.0862301532258494,0.358375
3044,rgb,7,0,-0.29148585298112767,4.0065317559982585,2.0861733513454306,0.299416
3045,rgb,7,0,-0.29148585298112767,4.0065317559982585,2.0861438967228674,0.319708
3046,rgb,8,0,-0.29148585298112767,4.0065317559982585,2.0865256213989847,0.363541
3047,rgb,8,0,-0.29148585298112767,4.0065317559982585,2.086683222046056,0.320292
3048,rgb,7,0,-0.29148585298112767,4.0065317559982585,2.0865937818786984,0.30575
3049,rgb,8,0,-0.29148585298112767,4.0065317559982585,2.0865708796415925,0.299625
3050,rgb,8,0,-0.29148585298112767,4.0065317559982585,2.086794602081434,0.254792
3051,rgb,7,0,-0.29148585298112767,4.0065317559982585,2.086837550946009,0.370917
3052,rgb,7,0,-0.29148585298112767,4.0065317559982585,2.086778444544259,0.345208
3053,rgb,7,0,-0.29148585298112767,4.0065317559982585,2.0867509065908303,0.323584
3054,rgb,7,0,-0.29148585298112767,4.0065317559982585,2.086704987378405,0.285375
3055,rgb,7,0,-0.29148585298112767,4.0065317559982585,2.0867588027474335,0.317
3056,rgb,7,0,-0.29148585298112767,4.0065317559982585,2.086722883818518,0.300208
3057,rgb,8,0,-0.29148585298112767,4.0065317559982585,2.086414741542037,0.27625
3058,rgb,8,0,-0.29148585298112767,4.0065317559982585,2.0861310117331664,0.325375
3059,rgb,8,0,-0.29148585298112767,4.0065317559982585,2.0863683827489945,0.294042
3060,rgb,8,0,-0.29148585298112767,4.0065317559982585,2.0865976285428838,0.309792
3061,rgb,8,0,-0.29148585298112767,4.0065317559982585,2.0863722318469877,0.410625
3062,rgb,8,0,-0.29148585298112767,4.0065317559982585,2.0862926368142576,0.436958
3063,rgb,8,0,-0.29148585298112767,4.0065317559982585,2.08612934878395,0.3525
3064,rgb,8,0,-0.29148585298112767,4.0065317559982585,2.086056767526977,0.332583
3065,rgb,8,0,-0.29148585298112767,4.0065317559982585,2.086037694584527,0.281375
3066,rgb,8,0,-0.29148585298112767,4.0065317559982585,2.086122532977904,0.375125
3067,rgb,8,0,-0.29148585298112767,4.0065317559982585,2.086566999837239,0.374958
3068,rgb,7,0,-0.29148585298112767,4.0065317559982585,2.086567769089961,0.333666
3069,rgb,8,0,-0.29148585298112767,4.0065317559982585,2.0866954282692314,0.366667
3070,rgb,7,0,-0.29148585298112767,4.0065317559982585,2.0866844389447943,0.342458
3071,rgb,8,0,-0.29148585298112767,4.0065317559982585,2.0860948237450794,0.295417
3072,rgb,8,0,-0.29148585298112767,4.0065317559982585,2.086046476778429,0.284417
3073,rgb,8,0,-0.29148585298112767,4.0065317559982585,2.0862800241621153,0.340208
3074,rgb,8,0,-0.29148585298112767,4.0065317559982585,2.0865832002191746,0.287625
3075,rgb,8,0,-0.29148585298112767,4.0065317559982585,2.086240520776337,0.311084
3076,rgb,8,0,-0.29148585298112767,4.0065317559982585,2.0861773515526147,0.365417
3077,rgb,8,0,-0.29148585298112767,4.0065317559982585,2.086225913458329,0.298375
3078,rgb,8,0,-0.29148585298112767,4.0065317559982585,2.086493621870468,0.361333
3079,rgb,8,0,-0.29148585298112767,4.0065317559982585,2.086292631981487,0.306125
3080,rgb,8,0,-0.29148585298112767,4.0065317559982585,2.086258309736004,0.330125
3081,rgb,8,0,-0.29148585298112767,4.0065317559982585,2.0862750777478505,0.355667
3082,rgb,8,0,-0.29148585298112767,4.0065317559982585,2.0862596813813434,0.331375
3083,rgb,8,0,-0.29148585298112767,4.0065317559982585,2.0862798516400654,0.348
3084,rgb,8,0,-0.29148585298112767,4.0065317559982585,2.086262642439615,0.322083
3085,rgb,8,0,-0.29148585298112767,4.0065317559982585,2.08620902383067,0.276333
3086,rgb,8,0,-0.29148585298112767,4.0065317559982585,2.086216903014283,0.305584
3087,rgb,8,0,-0.29148585298112767,4.0065317559982585,2.0862354357823643,0.289416
3088,rgb,8,0,-0.29148585298112767,4.0065317559982585,2.0862799647666543,0.256959
3089,rgb,8,0,-0.29148585298112767,4.0065317559982585,2.0862957994932367,0.246083
3090,rgb,8,0,-0.29148585298112767,4.0065317559982585,2.086270128512333,0.246875
3091,rgb,8,0,-0.29148585298112767,4.0065317559982585,2.0863072053626093,0.381833
3092,rgb,8,0,-0.29148585298112767,4.0065317559982585,2.0862966988416156,0.367292
3093,rgb,8,0,-0.29148585298112767,4.0065317559982585,2.0863179777289043,0.332291
3094,rgb,8,0,-0.29148585298112767,4.0065317559982585,2.0861072986508953,0.320875
3095,rgb,7,0,-0.29148585298112767,4.0065317559982585,2.0861116297374247,0.339458
3096,rgb,8,0,-0.29148585298112767,4.0065317559982585,2.086530199368135,0.391584
3097,rgb,8,0,-0.29148585298112767,4.0065317559982585,2.086143205880071,0.268334
3098,rgb,8,0,-0.29148585298112767,4.0065317559982585,2.0862890160270036,0.34025
3099,rgb,8,0,-0.29148585298112767,4.0065317559982585,2.08665516334353,0.33025
3100,rgb,8,0,-0.29148585298112767,4.0065317559982585,2.086721084341698,0.29625
3101,rgb,8,0,-0.29148585298112767,4.0065317559982585,2.0871095739121666,0.393333
3102,rgb,8,0,-0.29148585298112767,4.0065317559982585,2.0872864794064663,0.3
3103,rgb,8,0,-0.29148585298112767,4.0065317559982585,2.086994808210002,0.324834
3104,rgb,8,0,-0.29148585298112767,4.0065317559982585,2.087080746742722,0.307833
3105,rgb,8,0,-0.29148585298112767,4.0065317559982585,2.087198100204696,0.270625
3106,rgb,8,0,-0.29148585298112767,4.0065317559982585,2.086960330422735,0.314583
3107,rgb,8,0,-0.29148585298112767,4.0065317559982585,2.0870042004526477,0.311
3108,rgb,8,0,-0.29148585298112767,4.0065317559982585,2.0869504064967623,0.436417
3109,rgb,8,0,-0.29148585298112767,4.0065317559982585,2.0869236297158205,0.355083
3110,rgb,8,0,-0.29148585298112767,4.0065317559982585,2.0869205611893813,0.35725
3111,rgb,8,0,-0.29148585298112767,4.0065317559982585,2.0869586787926346,0.358958
3112,rgb,8,0,-0.29148585298112767,4.0065317559982585,2.086956096705344,0.321958
3113,rgb,8,0,-0.29148585298112767,4.0065317559982585,2.086955550875282,0.372875
3114,rgb,8,0,-0.29148585298112767,4.0065317559982585,2.0869587664647407,0.277625
3115,rgb,8,0,-0.29148585298112767,4.0065317559982585,2.086963628028607,0.315
3116,rgb,8,0,-0.29148585298112767,4.0065317559982585,2.086797571263596,0.374042
3117,rgb,8,0,-0.29148585298112767,4.0065317559982585,2.0868916633144545,0.305459
3118,rgb,8,0,-0.29148585298112767,4.0065317559982585,2.0870231461404183,0.315875
3119,rgb,8,0,-0.29148585298112767,4.0065317559982585,2.0870398858706176,0.374125
